name,catalog_id,class,type,ra,dec,mag,size_arcmin,common_names
NGC 7814,NGC7814,galaxy,Galaxy,00:03:14,+16:08:43,10.6,4.37,
NGC 0016,NGC0016,galaxy,Galaxy,00:09:04,+27:43:45,12.0,1.74,
NGC 0023,NGC0023,galaxy,Galaxy,00:09:53,+25:55:25,12.0,1.55,
NGC 0024,NGC0024,galaxy,Galaxy,00:09:56,-24:57:47,11.5,6.18,
NGC 0040,NGC0040,nebula,Planetary Nebula,00:13:01,+72:31:19,11.9,0.80,Bow-Tie nebula
NGC 0045,NGC0045,galaxy,Galaxy,00:14:03,-23:10:55,10.4,6.18,
NGC 0057,NGC0057,galaxy,Galaxy,00:15:30,+17:19:42,11.7,2.11,
IC 0010,IC0010,galaxy,Galaxy,00:20:17,+59:18:13,10.3,6.76,
NGC 0103,NGC0103,cluster,Open Cluster,00:25:16,+61:19:24,9.8,2.70,
NGC 0128,NGC0128,galaxy,Galaxy,00:29:15,+02:51:50,11.6,3.16,
NGC 0129,NGC0129,cluster,Open Cluster,00:29:58,+60:12:40,6.5,5.40,
NGC 0134,NGC0134,galaxy,Galaxy,00:30:21,-33:14:38,10.3,8.38,
NGC 0133,NGC0133,cluster,Open Cluster,00:31:16,+63:21:09,9.4,2.10,
NGC 0146,NGC0146,cluster,Open Cluster,00:33:03,+63:18:32,9.1,3.60,
NGC 0147,NGC0147,galaxy,Galaxy,00:33:12,+48:30:31,9.7,9.40,
NGC 0151,NGC0151,galaxy,Galaxy,00:34:02,-09:42:19,11.7,3.74,
NGC 0150,NGC0150,galaxy,Galaxy,00:34:15,-27:48:12,11.4,3.54,
NGC 0185,NGC0185,galaxy,Galaxy,00:38:57,+48:20:14,9.2,12.94,
NGC 0189,NGC0189,cluster,Open Cluster,00:39:35,+61:05:40,8.8,2.70,
M 110,NGC0205,galaxy,Galaxy,00:40:22,+41:41:07,8.2,16.22,
NGC 0210,NGC0210,galaxy,Galaxy,00:40:35,-13:52:22,11.1,4.98,
M 32,NGC0221,galaxy,Galaxy,00:42:41,+40:51:55,8.1,7.74,
M 31,NGC0224,galaxy,Galaxy,00:42:44,+41:16:08,3.4,177.83,Andromeda Galaxy
NGC 0225,NGC0225,cluster,Open Cluster,00:43:36,+61:46:01,7.0,4.20,
NGC 0246,NGC0246,nebula,Planetary Nebula,00:47:03,-11:52:19,10.9,4.08,
NGC 0247,NGC0247,galaxy,Galaxy,00:47:08,-20:45:37,9.2,19.68,
NGC 0188,NGC0188,cluster,Open Cluster,00:47:27,+85:16:10,8.1,17.70,
NGC 0254,NGC0254,galaxy,Galaxy,00:47:27,-31:25:18,11.7,2.77,
NGC 0253,NGC0253,galaxy,Galaxy,00:47:33,-25:17:17,11.1,26.79,"Sculptor Filament,Silver Coin"
NGC 0255,NGC0255,galaxy,Galaxy,00:47:47,-11:28:07,11.9,2.04,
NGC 0266,NGC0266,galaxy,Galaxy,00:49:47,+32:16:39,11.8,2.92,
NGC 0278,NGC0278,galaxy,Galaxy,00:52:04,+47:33:01,10.8,2.36,
NGC 0289,NGC0289,galaxy,Galaxy,00:52:42,-31:12:21,11.2,3.36,
NGC 0288,NGC0288,cluster,Globular Cluster,00:52:47,-26:35:23,8.1,9.60,
NGC 0315,NGC0315,galaxy,Galaxy,00:57:48,+30:21:08,11.6,2.86,
NGC 0337,NGC0337,galaxy,Galaxy,00:59:50,-07:34:40,11.5,2.92,
IC 1613,IC1613,galaxy,Galaxy,01:04:47,+02:07:04,9.5,18.32,
NGC 0381,NGC0381,cluster,Open Cluster,01:08:18,+61:34:59,9.3,6.00,
NGC 0404,NGC0404,galaxy,Galaxy,01:09:27,+35:43:05,10.6,3.40,
NGC 0410,NGC0410,galaxy,Galaxy,01:10:58,+33:09:06,11.5,2.37,
NGC 0428,NGC0428,galaxy,Galaxy,01:12:55,+00:58:53,11.5,2.82,
NGC 0436,NGC0436,cluster,Open Cluster,01:15:57,+58:49:01,8.8,5.70,
NGC 0457,NGC0457,cluster,Open Cluster,01:19:32,+58:17:26,6.4,7.80,Owl Cluster
NGC 0470,NGC0470,galaxy,Galaxy,01:19:44,+03:24:35,11.8,2.86,
NGC 0474,NGC0474,galaxy,Galaxy,01:20:06,+03:24:55,11.5,2.65,
NGC 0488,NGC0488,galaxy,Galaxy,01:21:46,+05:15:24,10.3,5.05,
NGC 0507,NGC0507,galaxy,Galaxy,01:23:39,+33:15:21,11.6,2.45,
NGC 0514,NGC0514,galaxy,Galaxy,01:24:03,+12:55:02,11.7,3.50,
NGC 0521,NGC0521,galaxy,Galaxy,01:24:33,+01:43:53,11.8,2.77,
NGC 0520 NED01,NGC0520 NED01,galaxy,Galaxy,01:24:34,+03:47:41,11.5,4.09,
NGC 0524,NGC0524,galaxy,Galaxy,01:24:47,+09:32:19,10.3,3.37,
NGC 0533,NGC0533,galaxy,Galaxy,01:25:31,+01:45:32,11.5,3.44,
NGC 0559,NGC0559,cluster,Open Cluster,01:29:33,+63:18:05,9.5,9.00,
IC 0127,IC0127,galaxy,Galaxy,01:29:47,-06:58:48,9.2,1.69,
NGC 0578,NGC0578,galaxy,Galaxy,01:30:29,-22:40:02,11.1,4.82,
NGC 0584,NGC0584,galaxy,Galaxy,01:31:20,-06:52:05,10.3,3.78,
NGC 0596,NGC0596,galaxy,Galaxy,01:32:52,-07:01:54,10.9,2.14,
M 103,NGC0581,cluster,Open Cluster,01:33:21,+60:39:28,7.4,4.50,
M 33,NGC0598,galaxy,Galaxy,01:33:50,+30:39:36,5.8,62.09,"Triangulum Galaxy,Triangulum Pinwheel"
IC 0143,IC0143,nebula,HII Region,01:34:10,+30:46:35,11.4,0.30,
NGC 0613,NGC0613,galaxy,Galaxy,01:34:18,-29:25:06,10.3,5.48,
NGC 0615,NGC0615,galaxy,Galaxy,01:35:05,-07:20:25,11.7,3.18,
NGC 0609,NGC0609,cluster,Open Cluster,01:36:23,+64:32:11,11.0,4.80,
M 74,NGC0628,galaxy,Galaxy,01:36:41,+15:47:01,9.3,9.89,
NGC 0636,NGC0636,galaxy,Galaxy,01:39:06,-07:30:45,11.4,2.70,
M 76,NGC0650,nebula,Planetary Nebula,01:42:19,+51:34:31,10.1,1.12,"Barbell Nebula,Cork Nebula,Little Dumbbell Nebula"
NGC 0660,NGC0660,galaxy,Galaxy,01:43:02,+13:38:42,11.3,4.57,
NGC 0637,NGC0637,cluster,Open Cluster,01:43:03,+64:02:11,8.2,4.50,
NGC 0654,NGC0654,cluster,Open Cluster,01:43:59,+61:52:57,6.5,6.30,
NGC 0659,NGC0659,cluster,Open Cluster,01:44:22,+60:40:09,7.9,4.20,
NGC 0663,NGC0663,cluster,Open Cluster,01:46:16,+61:13:05,7.1,6.00,
IC 1727,IC1727,galaxy,Galaxy,01:47:29,+27:20:00,11.6,6.52,
NGC 0672,NGC0672,galaxy,Galaxy,01:47:54,+27:25:58,10.9,7.01,
NGC 0676,NGC0676,galaxy,Galaxy,01:48:57,+05:54:27,12.0,2.75,
NGC 0681,NGC0681,galaxy,Galaxy,01:49:10,-10:25:35,11.9,2.47,
NGC 0680,NGC0680,galaxy,Galaxy,01:49:47,+21:58:15,11.9,1.69,
NGC 0691,NGC0691,galaxy,Galaxy,01:50:41,+21:45:35,11.7,2.68,
NGC 0674,NGC0674,galaxy,Galaxy,01:51:17,+22:21:28,12.0,3.81,
IC 0166,IC0166,cluster,Open Cluster,01:52:23,+61:51:09,11.7,7.50,
NGC 0720,NGC0720,galaxy,Galaxy,01:53:00,-13:44:19,10.1,4.49,
NGC 0718,NGC0718,galaxy,Galaxy,01:53:13,+04:11:45,11.7,2.75,
NGC 0741,NGC0741,galaxy,Galaxy,01:56:21,+05:37:44,11.3,2.83,
NGC 0752,NGC0752,cluster,Open Cluster,01:57:34,+37:50:00,5.7,39.00,
IC 1747,IC1747,nebula,Planetary Nebula,01:57:35,+63:19:18,12.0,0.22,
NGC 0744,NGC0744,cluster,Open Cluster,01:58:29,+55:28:28,7.9,11.70,
NGC 0772,NGC0772,galaxy,Galaxy,01:59:19,+19:00:27,10.3,4.57,
NGC 0779,NGC0779,galaxy,Galaxy,01:59:42,-05:57:47,11.2,1.35,
NGC 0777,NGC0777,galaxy,Galaxy,02:00:14,+31:25:46,11.5,2.75,
NGC 0784,NGC0784,galaxy,Galaxy,02:01:16,+28:50:14,11.7,4.17,
NGC 0821,NGC0821,galaxy,Galaxy,02:08:21,+10:59:41,10.8,2.45,
NGC 0864,NGC0864,galaxy,Galaxy,02:15:27,+06:00:09,11.1,3.72,
NGC 0877,NGC0877,galaxy,Galaxy,02:17:59,+14:32:38,11.9,1.92,
NGC 0869,NGC0869,cluster,Open Cluster,02:18:58,+57:07:02,3.7,14.40,h Persei Cluster
NGC 0897,NGC0897,galaxy,Galaxy,02:21:06,-33:43:14,11.8,2.01,
NGC 0895,NGC0895,galaxy,Galaxy,02:21:36,-05:31:17,11.8,3.32,
NGC 0890,NGC0890,galaxy,Galaxy,02:22:01,+33:15:57,11.9,1.10,
NGC 0884,NGC0884,cluster,Open Cluster,02:22:32,+57:08:38,3.8,10.50,chi Persei Cluster
NGC 0891,NGC0891,galaxy,Galaxy,02:22:33,+42:20:56,10.0,13.03,
NGC 0908,NGC0908,galaxy,Galaxy,02:23:04,-21:14:01,10.3,6.14,
NGC 0922,NGC0922,galaxy,Galaxy,02:25:04,-24:47:17,12.0,2.10,
NGC 0925,NGC0925,galaxy,Galaxy,02:27:16,+33:34:45,10.1,10.72,
NGC 0936,NGC0936,galaxy,Galaxy,02:27:37,-01:09:22,10.2,4.44,
NGC 0955,NGC0955,galaxy,Galaxy,02:30:33,-01:06:30,12.0,2.72,
NGC 0949,NGC0949,galaxy,Galaxy,02:30:48,+37:08:12,11.9,3.10,
NGC 0956,NGC0956,cluster,Open Cluster,02:32:30,+44:35:36,8.9,4.50,
IC 1805,IC1805,nebula,Cluster + Nebula,02:32:41,+61:27:24,6.5,60.00,
NGC 0957,NGC0957,cluster,Open Cluster,02:33:19,+57:34:10,7.6,10.20,
NGC 0972,NGC0972,galaxy,Galaxy,02:34:13,+29:18:40,11.3,3.31,
NGC 0988,NGC0988,galaxy,Galaxy,02:35:27,-09:21:22,11.2,4.33,
IC 0239,IC0239,galaxy,Galaxy,02:36:27,+38:58:11,11.2,4.25,
NGC 1016,NGC1016,galaxy,Galaxy,02:38:19,+02:07:09,11.6,2.26,
NGC 1022,NGC1022,galaxy,Galaxy,02:38:32,-06:40:38,11.3,2.60,
NGC 1003,NGC1003,galaxy,Galaxy,02:39:16,+40:52:20,11.5,3.47,
NGC 1032,NGC1032,galaxy,Galaxy,02:39:23,+01:05:37,11.7,3.58,
NGC 1042,NGC1042,galaxy,Galaxy,02:40:23,-08:26:00,11.2,3.87,
NGC 1023,NGC1023,galaxy,Galaxy,02:40:24,+39:03:47,9.5,7.40,
NGC 1052,NGC1052,galaxy,Galaxy,02:41:04,-08:15:20,11.0,2.94,
NGC 1055,NGC1055,galaxy,Galaxy,02:41:45,+00:26:35,10.6,6.92,
M 34,NGC1039,cluster,Open Cluster,02:42:07,+42:44:46,5.2,22.50,
NGC 1027,NGC1027,cluster,Open Cluster,02:42:35,+61:35:39,6.7,7.80,
M 77,NGC1068,galaxy,Galaxy,02:42:40,-00:00:47,9.3,6.11,
NGC 1060,NGC1060,galaxy,Galaxy,02:43:15,+32:25:29,11.8,2.36,
NGC 1058,NGC1058,galaxy,Galaxy,02:43:30,+37:20:28,11.2,2.47,
NGC 1073,NGC1073,galaxy,Galaxy,02:43:40,+01:22:34,11.1,3.54,
NGC 1079,NGC1079,galaxy,Galaxy,02:43:44,-29:00:12,11.4,2.65,
NGC 1084,NGC1084,galaxy,Galaxy,02:45:59,-07:34:42,10.6,3.40,
NGC 1097,NGC1097,galaxy,Galaxy,02:46:19,-30:16:29,9.8,10.57,
NGC 1087,NGC1087,galaxy,Galaxy,02:46:25,-00:29:55,11.0,2.97,
NGC 1090,NGC1090,galaxy,Galaxy,02:46:33,-00:14:49,12.0,3.31,
IC 1848,IC1848,nebula,Cluster + Nebula,02:51:10,+60:24:08,6.5,40.00,
NGC 1156,NGC1156,galaxy,Galaxy,02:59:42,+25:14:16,11.6,2.96,
NGC 1161,NGC1161,galaxy,Galaxy,03:01:14,+44:53:50,11.9,2.69,
NGC 1172,NGC1172,galaxy,Galaxy,03:01:36,-14:50:11,11.8,2.28,
NGC 1187,NGC1187,galaxy,Galaxy,03:02:37,-22:52:01,10.9,4.14,
NGC 1179,NGC1179,galaxy,Galaxy,03:02:38,-18:53:52,12.0,3.67,
NGC 1169,NGC1169,galaxy,Galaxy,03:03:34,+46:23:10,11.4,3.31,
NGC 1199,NGC1199,galaxy,Galaxy,03:03:38,-15:36:47,11.4,2.83,
NGC 1201,NGC1201,galaxy,Galaxy,03:04:07,-26:04:10,10.8,3.41,
NGC 1209,NGC1209,galaxy,Galaxy,03:06:03,-15:36:40,11.4,2.25,
IC 0284,IC0284,galaxy,Galaxy,03:06:09,+42:22:18,11.6,4.29,
NGC 1232,NGC1232,galaxy,Galaxy,03:09:45,-20:34:45,10.1,6.79,
NGC 1220,NGC1220,cluster,Open Cluster,03:11:40,+53:20:53,11.8,2.40,
NGC 1255,NGC1255,galaxy,Galaxy,03:13:32,-25:43:30,11.2,4.05,
NGC 1253,NGC1253,galaxy,Galaxy,03:14:09,-02:49:22,11.8,4.57,
NGC 1245,NGC1245,cluster,Open Cluster,03:14:41,+47:14:19,8.4,11.40,
NGC 1265,NGC1265,galaxy,Galaxy,03:18:15,+41:51:27,11.9,1.90,
NGC 1272,NGC1272,galaxy,Galaxy,03:19:21,+41:29:26,11.9,2.55,
NGC 1300,NGC1300,galaxy,Galaxy,03:19:41,-19:24:40,10.5,5.96,
NGC 1302,NGC1302,galaxy,Galaxy,03:19:51,-26:03:37,10.6,4.27,
NGC 1305,NGC1305,galaxy,Galaxy,03:21:22,-02:19:00,12.0,1.33,
NGC 1309,NGC1309,galaxy,Galaxy,03:22:06,-15:24:00,11.6,2.39,
NGC 1325,NGC1325,galaxy,Galaxy,03:24:25,-21:32:38,11.5,4.32,
NGC 1332,NGC1332,galaxy,Galaxy,03:26:17,-21:20:06,10.4,5.31,
NGC 1339,NGC1339,galaxy,Galaxy,03:28:06,-32:17:10,11.8,2.01,
NGC 1340,NGC1340,galaxy,Galaxy,03:28:19,-31:04:05,10.4,5.12,
NGC 1333,NGC1333,nebula,Cluster + Nebula,03:28:55,+31:22:12,10.9,19.50,
NGC 1351,NGC1351,galaxy,Galaxy,03:30:34,-34:51:14,11.5,3.40,
NGC 1350,NGC1350,galaxy,Galaxy,03:31:08,-33:37:43,10.3,5.18,
NGC 1342,NGC1342,cluster,Open Cluster,03:31:40,+37:22:45,6.7,6.30,
NGC 1353,NGC1353,galaxy,Galaxy,03:32:03,-20:49:09,11.5,3.64,
NGC 1360,NGC1360,nebula,Planetary Nebula,03:33:14,-25:52:18,9.4,6.42,
NGC 1357,NGC1357,galaxy,Galaxy,03:33:17,-13:39:50,11.4,3.37,
IC 1953,IC1953,galaxy,Galaxy,03:33:41,-21:28:43,12.0,2.26,
NGC 1366,NGC1366,galaxy,Galaxy,03:33:53,-31:11:38,11.9,2.05,
NGC 1367,NGC1367,galaxy,Galaxy,03:35:01,-24:55:59,10.7,4.88,
NGC 1380,NGC1380,galaxy,Galaxy,03:36:27,-34:58:34,9.9,4.58,
NGC 1385,NGC1385,galaxy,Galaxy,03:37:28,-24:30:01,11.0,3.40,
NGC 1395,NGC1395,galaxy,Galaxy,03:38:29,-23:01:39,9.7,4.71,
NGC 1398,NGC1398,galaxy,Galaxy,03:38:52,-26:20:16,9.6,6.95,
NGC 1406,NGC1406,galaxy,Galaxy,03:39:23,-31:19:17,11.8,4.50,
NGC 1400,NGC1400,galaxy,Galaxy,03:39:30,-18:41:17,11.1,2.81,
NGC 1407,NGC1407,galaxy,Galaxy,03:40:11,-18:34:48,9.7,5.73,
NGC 1415,NGC1415,galaxy,Galaxy,03:40:56,-22:33:52,11.5,3.74,
NGC 1425,NGC1425,galaxy,Galaxy,03:42:11,-29:53:36,10.7,4.91,
NGC 1421,NGC1421,galaxy,Galaxy,03:42:29,-13:29:16,11.5,3.55,
NGC 1426,NGC1426,galaxy,Galaxy,03:42:49,-22:06:30,11.5,2.86,
NGC 1439,NGC1439,galaxy,Galaxy,03:44:49,-21:55:14,11.4,2.96,
NGC 1440,NGC1440,galaxy,Galaxy,03:45:02,-18:15:57,11.6,2.62,
IC 0334,IC0334,galaxy,Galaxy,03:45:17,+76:38:17,11.5,2.34,
NGC 1452,NGC1452,galaxy,Galaxy,03:45:22,-18:38:01,11.8,2.39,
NGC 1453,NGC1453,galaxy,Galaxy,03:46:27,-03:58:07,11.4,2.46,
IC 0342,IC0342,galaxy,Galaxy,03:46:48,+68:05:46,9.7,19.77,
IC 1993,IC1993,galaxy,Galaxy,03:47:04,-33:42:35,11.9,2.81,
IC 0351,IC0351,nebula,Planetary Nebula,03:47:33,+35:02:48,11.9,0.12,
NGC 1461,NGC1461,galaxy,Galaxy,03:48:27,-16:23:34,11.8,2.90,
NGC 1444,NGC1444,cluster,Open Cluster,03:49:28,+52:39:19,6.6,3.60,
IC 2003,IC2003,nebula,Planetary Nebula,03:56:22,+33:52:29,11.4,0.14,
NGC 1499,NGC1499,nebula,Nebula,04:03:14,+36:22:02,5.0,160.00,California Nebula
NGC 1496,NGC1496,cluster,Open Cluster,04:04:31,+52:39:41,9.6,2.10,
NGC 1518,NGC1518,galaxy,Galaxy,04:06:49,-21:10:21,11.8,3.47,
NGC 1501,NGC1501,nebula,Planetary Nebula,04:06:59,+60:55:14,11.5,0.87,
IC 0356,IC0356,galaxy,Galaxy,04:07:46,+69:48:44,10.2,4.02,
NGC 1502,NGC1502,cluster,Open Cluster,04:07:49,+62:19:53,6.9,10.20,
NGC 1521,NGC1521,galaxy,Galaxy,04:08:18,-21:03:07,11.6,3.25,
NGC 1514,NGC1514,nebula,Planetary Nebula,04:09:16,+30:46:33,10.2,2.20,
NGC 1513,NGC1513,cluster,Open Cluster,04:09:54,+49:31:02,8.4,5.10,
NGC 1532,NGC1532,galaxy,Galaxy,04:12:04,-32:52:27,10.1,11.27,
NGC 1537,NGC1537,galaxy,Galaxy,04:13:40,-31:38:43,10.7,4.35,
NGC 1535,NGC1535,nebula,Planetary Nebula,04:14:15,-12:44:21,9.6,0.85,
NGC 1528,NGC1528,cluster,Open Cluster,04:15:18,+51:12:41,6.4,9.60,
IC 0361,IC0361,cluster,Open Cluster,04:18:50,+58:14:58,11.7,7.20,
NGC 1545,NGC1545,cluster,Open Cluster,04:20:56,+50:15:19,6.2,4.20,
NGC 1555,NGC1555,nebula,Reflection Nebula,04:21:59,+19:32:06,10.0,1.82,"Hind's Nebula,Hind's Variable Nebula"
NGC 1530,NGC1530,galaxy,Galaxy,04:23:27,+75:17:44,11.7,1.82,
NGC 1587,NGC1587,galaxy,Galaxy,04:30:39,+00:39:41,11.7,2.08,
NGC 1589,NGC1589,galaxy,Galaxy,04:30:45,+00:51:49,11.8,3.06,
NGC 1569,NGC1569,galaxy,Galaxy,04:30:49,+64:50:52,11.1,3.91,
IC 2067,IC2067,nebula,Nebula,04:30:51,+35:26:46,11.5,,
NGC 1600,NGC1600,galaxy,Galaxy,04:31:39,-05:05:10,11.0,3.33,
NGC 1582,NGC1582,cluster,Open Cluster,04:31:46,+43:47:05,7.0,7.80,
NGC 1560,NGC1560,galaxy,Galaxy,04:32:49,+71:52:59,11.5,8.30,
NGC 1605,NGC1605,cluster,Open Cluster,04:34:52,+45:16:17,10.7,3.30,
NGC 1573,NGC1573,galaxy,Galaxy,04:35:03,+73:15:44,11.8,1.95,
NGC 1624,NGC1624,nebula,Cluster + Nebula,04:40:36,+50:27:42,11.8,3.00,
NGC 1637,NGC1637,galaxy,Galaxy,04:41:28,-02:51:28,10.8,3.18,
NGC 1640,NGC1640,galaxy,Galaxy,04:42:14,-20:26:05,11.7,2.72,
NGC 1653,NGC1653,galaxy,Galaxy,04:45:47,-02:23:34,12.0,1.79,
NGC 1647,NGC1647,cluster,Open Cluster,04:45:55,+19:05:42,6.4,27.00,
NGC 1662,NGC1662,cluster,Open Cluster,04:48:28,+10:55:49,6.4,13.80,
NGC 1679,NGC1679,galaxy,Galaxy,04:49:54,-31:57:52,11.6,3.07,
NGC 1664,NGC1664,cluster,Open Cluster,04:51:05,+43:40:34,7.6,11.40,
NGC 1700,NGC1700,galaxy,Galaxy,04:56:56,-04:51:56,11.2,3.11,
NGC 1726,NGC1726,galaxy,Galaxy,04:59:41,-07:45:18,11.7,2.90,
NGC 1744,NGC1744,galaxy,Galaxy,04:59:57,-26:01:20,11.5,5.28,
NGC 1746,NGC1746,cluster,Open Cluster,05:03:50,+23:46:03,6.1,18.00,
NGC 1784,NGC1784,galaxy,Galaxy,05:05:27,-11:52:17,11.6,4.00,
NGC 1788,NGC1788,nebula,Reflection Nebula,05:06:53,-03:20:27,5.8,2.00,
NGC 1778,NGC1778,cluster,Open Cluster,05:08:05,+37:01:22,7.7,4.50,
NGC 1807,NGC1807,cluster,Open Cluster,05:10:45,+16:30:45,7.0,5.40,
NGC 1832,NGC1832,galaxy,Galaxy,05:12:03,-15:41:16,11.5,2.46,
NGC 1817,NGC1817,cluster,Open Cluster,05:12:26,+16:41:02,7.7,9.30,
IC 0405,IC0405,nebula,Nebula,05:16:29,+34:21:22,10.0,50.00,Flaming Star Nebula
NGC 1857,NGC1857,cluster,Open Cluster,05:20:05,+39:20:37,7.0,4.50,
NGC 1888,NGC1888,galaxy,Galaxy,05:22:34,-11:29:58,11.9,3.32,
NGC 1893,NGC1893,cluster,Open Cluster,05:22:44,+33:24:43,7.5,6.00,
M 79,NGC1904,cluster,Globular Cluster,05:24:10,-24:31:27,8.2,7.20,
NGC 1883,NGC1883,cluster,Open Cluster,05:25:54,+46:29:24,12.0,5.70,
IC 0418,IC0418,nebula,Planetary Nebula,05:27:28,-12:41:50,9.4,0.20,
NGC 1907,NGC1907,cluster,Open Cluster,05:28:04,+35:19:32,8.2,5.40,
M 38,NGC1912,cluster,Open Cluster,05:28:42,+35:51:17,6.4,9.60,
NGC 1931,NGC1931,nebula,Cluster + Nebula,05:31:25,+34:14:47,10.1,4.80,
NGC 1964,NGC1964,galaxy,Galaxy,05:33:21,-21:56:44,10.9,5.16,
M 1,NGC1952,nebula,Supernova Remnant,05:34:31,+22:00:52,8.4,8.00,Crab Nebula
NGC 1973,NGC1973,nebula,Nebula,05:35:04,-04:43:54,7.0,5.00,
NGC 1981,NGC1981,nebula,Cluster + Nebula,05:35:09,-04:25:30,4.2,9.00,Upper Sword
M 42,NGC1976,nebula,Cluster + Nebula,05:35:16,-05:23:22,4.0,90.00,"Great Orion Nebula,Orion Nebula"
NGC 1975,NGC1975,nebula,Nebula,05:35:17,-04:41:06,7.0,10.00,
NGC 1980,NGC1980,nebula,Cluster + Nebula,05:35:25,-05:54:35,2.5,9.30,Lower Sword
M 43,NGC1982,nebula,HII Region,05:35:31,-05:16:02,9.0,20.00,Mairan's Nebula
M 36,NGC1960,cluster,Open Cluster,05:36:17,+34:08:26,6.0,7.20,
NGC 1999,NGC1999,nebula,Reflection Nebula,05:36:25,-06:42:57,9.5,2.00,
IC 0434,IC0434,nebula,HII Region,05:41:00,-02:27:13,11.0,90.00,"Flame Nebula,Orion B"
NGC 1961,NGC1961,galaxy,Galaxy,05:42:04,+69:22:42,11.5,4.42,
NGC 2022,NGC2022,nebula,Planetary Nebula,05:42:06,+09:05:11,11.6,0.32,
M 78,NGC2068,nebula,Reflection Nebula,05:46:45,+00:04:45,8.0,4.50,
NGC 2090,NGC2090,galaxy,Galaxy,05:47:01,-34:15:02,10.9,4.47,
NGC 2071,NGC2071,nebula,Cluster + Nebula,05:47:07,+00:17:39,8.0,7.00,
M 37,NGC2099,cluster,Open Cluster,05:52:18,+32:33:10,5.6,11.40,
NGC 2112,NGC2112,cluster,Open Cluster,05:53:45,+00:24:38,9.1,21.00,
IC 2149,IC2149,nebula,Planetary Nebula,05:56:23,+46:06:17,10.8,0.14,
NGC 2129,NGC2129,cluster,Open Cluster,06:01:06,+23:19:19,6.7,3.90,
NGC 2139,NGC2139,galaxy,Galaxy,06:01:07,-23:40:21,11.7,2.94,
NGC 2141,NGC2141,cluster,Open Cluster,06:02:55,+10:26:47,9.4,5.40,
IC 2157,IC2157,cluster,Open Cluster,06:04:47,+24:04:15,8.4,2.70,
NGC 2158,NGC2158,cluster,Open Cluster,06:07:25,+24:05:46,8.6,8.40,
NGC 2169,NGC2169,cluster,Open Cluster,06:08:24,+13:57:53,5.9,7.20,
M 35,NGC2168,cluster,Open Cluster,06:09:05,+24:20:19,5.1,24.00,
NGC 2182,NGC2182,nebula,Reflection Nebula,06:09:30,-06:19:35,9.0,3.00,
NGC 2180,NGC2180,cluster,Open Cluster,06:09:36,+04:42:41,9.0,4.20,
NGC 2175,NGC2175,nebula,Cluster + Nebula,06:09:39,+20:29:15,6.8,5.40,
NGC 2188,NGC2188,galaxy,Galaxy,06:10:09,-34:06:22,11.7,5.42,
NGC 2186,NGC2186,cluster,Open Cluster,06:12:07,+05:27:30,8.7,4.20,
NGC 2196,NGC2196,galaxy,Galaxy,06:12:09,-21:48:21,11.2,2.77,
NGC 2194,NGC2194,cluster,Open Cluster,06:13:45,+12:48:24,8.5,8.70,
NGC 2192,NGC2192,cluster,Open Cluster,06:15:17,+39:51:18,10.9,5.40,
NGC 2204,NGC2204,cluster,Open Cluster,06:15:32,-18:39:57,8.6,6.30,
NGC 2207,NGC2207,galaxy,Galaxy,06:16:22,-21:22:21,11.1,4.86,
IC 2163,IC2163,galaxy,Galaxy,06:16:27,-21:22:33,11.1,3.37,
IC 0443,IC0443,nebula,Supernova Remnant,06:16:37,+22:31:54,12.0,50.00,Gem A
IC 0444,IC0444,nebula,Reflection Nebula,06:18:34,+23:18:48,7.0,8.00,
NGC 2146,NGC2146,galaxy,Galaxy,06:18:37,+78:21:25,10.7,5.31,
NGC 2215,NGC2215,cluster,Open Cluster,06:20:49,-07:17:01,8.4,8.40,
NGC 2217,NGC2217,galaxy,Galaxy,06:21:39,-27:14:01,10.6,4.63,
IC 2165,IC2165,nebula,Planetary Nebula,06:21:42,-12:59:14,10.5,0.15,
NGC 2223,NGC2223,galaxy,Galaxy,06:24:35,-22:50:17,11.9,2.82,
NGC 2232,NGC2232,cluster,Open Cluster,06:28:01,-04:50:50,3.9,9.90,
NGC 2243,NGC2243,cluster,Open Cluster,06:29:34,-31:16:52,9.4,5.10,
NGC 2236,NGC2236,cluster,Open Cluster,06:29:39,+06:49:50,8.5,5.40,
NGC 2238,NGC2238,nebula,HII Region,06:30:40,+05:00:47,6.0,80.00,Rosette Nebula
IC 0447,IC0447,nebula,HII Region,06:31:00,+09:53:50,7.7,25.00,
NGC 2239,NGC2239,nebula,Cluster + Nebula,06:31:55,+04:56:34,4.8,9.30,
NGC 2245,NGC2245,nebula,Reflection Nebula,06:32:41,+10:09:23,11.0,2.00,
NGC 2247,NGC2247,nebula,Reflection Nebula,06:33:05,+10:19:20,8.5,2.00,
NGC 2250,NGC2250,cluster,Open Cluster,06:33:49,-05:05:04,8.9,5.10,
NGC 2251,NGC2251,cluster,Open Cluster,06:34:38,+08:21:59,7.3,5.70,
NGC 2252,NGC2252,cluster,Open Cluster,06:34:42,+05:21:58,7.7,6.60,
NGC 2254,NGC2254,cluster,Open Cluster,06:35:49,+07:40:23,9.1,4.20,
NGC 2259,NGC2259,cluster,Open Cluster,06:38:21,+10:53:01,10.8,6.00,
NGC 2261,NGC2261,nebula,Reflection Nebula,06:39:09,+08:44:39,11.8,2.00,Hubble's Nebula
NGC 2262,NGC2262,cluster,Open Cluster,06:39:38,+01:08:37,11.3,3.90,
NGC 2264,NGC2264,nebula,Cluster + Nebula,06:40:58,+09:53:43,3.9,11.40,Christmas Tree Cluster
NGC 2272,NGC2272,galaxy,Galaxy,06:42:41,-27:27:34,11.9,2.19,
NGC 2269,NGC2269,cluster,Open Cluster,06:43:17,+04:37:27,10.0,4.80,
NGC 2266,NGC2266,cluster,Open Cluster,06:43:19,+26:58:10,9.5,4.20,
NGC 2280,NGC2280,galaxy,Galaxy,06:44:49,-27:38:19,11.1,6.53,
M 41,NGC2287,cluster,Open Cluster,06:45:59,-20:45:15,4.5,12.00,
NGC 2282,NGC2282,nebula,HII Region,06:46:51,+01:18:57,10.0,3.00,
NGC 2292,NGC2292,galaxy,Galaxy,06:47:39,-26:44:46,11.8,4.34,
NGC 2286,NGC2286,cluster,Open Cluster,06:47:40,-03:08:51,7.5,5.40,
NGC 2293,NGC2293,galaxy,Galaxy,06:47:42,-26:45:15,11.0,4.41,
NGC 2258,NGC2258,galaxy,Galaxy,06:47:45,+74:28:54,11.9,3.02,
NGC 2281,NGC2281,cluster,Open Cluster,06:48:17,+41:04:43,5.4,10.80,
NGC 2301,NGC2301,cluster,Open Cluster,06:51:45,+00:27:33,6.0,10.20,Great Bird Cluster
NGC 2299,NGC2299,cluster,Open Cluster,06:51:53,-07:04:57,8.9,4.80,
NGC 2304,NGC2304,cluster,Open Cluster,06:55:11,+17:59:34,10.0,4.80,
NGC 2309,NGC2309,cluster,Open Cluster,06:56:03,-07:10:27,10.5,5.40,
NGC 2311,NGC2311,cluster,Open Cluster,06:57:47,-04:36:40,9.6,6.00,
NGC 2319,NGC2319,cluster,Open Cluster,07:00:32,+03:02:31,11.8,6.00,
M 50,NGC2323,cluster,Open Cluster,07:02:40,-08:21:50,5.9,14.10,
NGC 2325,NGC2325,galaxy,Galaxy,07:02:40,-28:41:50,11.2,3.97,
NGC 2324,NGC2324,cluster,Open Cluster,07:04:07,+01:02:40,8.4,8.70,
NGC 2320,NGC2320,galaxy,Galaxy,07:05:42,+50:34:51,11.9,1.48,
NGC 2335,NGC2335,cluster,Open Cluster,07:06:49,-10:01:43,7.2,8.70,
NGC 2331,NGC2331,cluster,Open Cluster,07:06:59,+27:15:41,8.5,4.80,
NGC 2343,NGC2343,cluster,Open Cluster,07:08:06,-10:37:00,6.7,7.50,
NGC 2345,NGC2345,cluster,Open Cluster,07:08:18,-13:11:37,7.7,6.90,
NGC 2339,NGC2339,galaxy,Galaxy,07:08:20,+18:46:48,11.8,2.42,
NGC 2346,NGC2346,nebula,Planetary Nebula,07:09:23,-00:48:32,11.6,0.87,
NGC 2340,NGC2340,galaxy,Galaxy,07:11:10,+50:10:29,11.7,3.16,
NGC 2354,NGC2354,cluster,Open Cluster,07:14:05,-25:41:20,6.5,4.80,
NGC 2268,NGC2268,galaxy,Galaxy,07:14:17,+84:22:56,11.6,2.14,
NGC 2353,NGC2353,cluster,Open Cluster,07:14:30,-10:15:57,7.1,6.60,
NGC 2355,NGC2355,cluster,Open Cluster,07:16:59,+13:44:59,9.7,6.00,
NGC 2360,NGC2360,cluster,Open Cluster,07:17:43,-15:38:28,7.2,9.00,Caroline's Cluster
NGC 2362,NGC2362,cluster,Open Cluster,07:18:41,-24:57:15,4.1,7.20,
NGC 2367,NGC2367,cluster,Open Cluster,07:20:04,-21:53:02,7.9,5.40,
NGC 2368,NGC2368,cluster,Open Cluster,07:21:06,-10:22:18,11.8,4.50,
NGC 2380,NGC2380,galaxy,Galaxy,07:23:54,-27:31:44,11.1,2.52,
NGC 2374,NGC2374,cluster,Open Cluster,07:23:56,-13:15:48,8.0,9.00,
NGC 2383,NGC2383,cluster,Open Cluster,07:24:39,-20:56:51,8.4,4.20,
NGC 2384,NGC2384,cluster,Open Cluster,07:25:09,-21:01:11,7.4,4.80,
NGC 2371,NGC2371,nebula,Planetary Nebula,07:25:34,+29:29:26,11.2,2.20,
NGC 2336,NGC2336,galaxy,Galaxy,07:27:04,+80:10:41,10.7,5.01,
NGC 2395,NGC2395,cluster,Open Cluster,07:27:12,+13:36:29,8.0,4.62,
NGC 2276,NGC2276,galaxy,Galaxy,07:27:14,+85:45:16,11.5,2.23,
NGC 2396,NGC2396,cluster,Open Cluster,07:28:02,-11:43:10,7.4,6.60,
NGC 2366,NGC2366,galaxy,Galaxy,07:28:54,+69:12:56,11.2,4.37,
NGC 2392,NGC2392,nebula,Planetary Nebula,07:29:10,+20:54:42,9.6,0.86,Eskimo Nebula
NGC 2409,NGC2409,cluster,Open Cluster,07:31:36,-17:11:25,7.3,0.11,
NGC 2300,NGC2300,galaxy,Galaxy,07:32:19,+85:42:34,11.2,3.05,
NGC 2414,NGC2414,cluster,Open Cluster,07:33:12,-15:27:13,7.9,5.40,
NGC 2421,NGC2421,cluster,Open Cluster,07:36:11,-20:36:44,8.3,5.10,
M 47,NGC2422,cluster,Open Cluster,07:36:35,-14:28:57,4.4,19.80,
NGC 2403,NGC2403,galaxy,Galaxy,07:36:51,+65:36:09,8.4,19.95,
NGC 2423,NGC2423,cluster,Open Cluster,07:37:06,-13:52:17,6.7,11.70,
NGC 2419,NGC2419,cluster,Globular Cluster,07:38:07,+38:52:47,10.1,4.50,
NGC 2420,NGC2420,cluster,Open Cluster,07:38:23,+21:34:26,8.3,7.50,
NGC 2439,NGC2439,cluster,Open Cluster,07:40:45,-31:41:32,6.9,8.70,
NGC 2432,NGC2432,cluster,Open Cluster,07:40:53,-19:04:08,10.2,5.40,
M 46,NGC2437,cluster,Open Cluster,07:41:46,-14:48:36,6.1,21.00,
NGC 2438,NGC2438,nebula,Planetary Nebula,07:41:50,-14:44:08,10.8,1.07,
NGC 2440,NGC2440,nebula,Planetary Nebula,07:41:55,-18:12:30,9.4,0.27,
M 93,NGC2447,cluster,Open Cluster,07:44:29,-23:51:11,6.2,15.00,
NGC 2452,NGC2452,nebula,Planetary Nebula,07:47:26,-27:20:02,12.0,0.32,
NGC 2453,NGC2453,cluster,Open Cluster,07:47:34,-27:11:41,8.3,3.00,
NGC 2455,NGC2455,cluster,Open Cluster,07:48:58,-21:17:52,10.2,4.50,
NGC 2479,NGC2479,cluster,Open Cluster,07:55:06,-17:42:28,9.6,6.30,
NGC 2482,NGC2482,cluster,Open Cluster,07:55:10,-24:15:16,7.3,6.60,
NGC 2483,NGC2483,cluster,Open Cluster,07:55:38,-27:53:12,7.6,3.30,
NGC 2489,NGC2489,cluster,Open Cluster,07:56:14,-30:03:39,7.9,4.20,
NGC 2460,NGC2460,galaxy,Galaxy,07:56:52,+60:20:57,11.7,1.83,
NGC 2506,NGC2506,cluster,Open Cluster,08:00:01,-10:46:10,7.6,10.80,
NGC 2509,NGC2509,cluster,Open Cluster,08:00:47,-19:03:01,9.3,4.80,
NGC 2500,NGC2500,galaxy,Galaxy,08:01:53,+50:44:13,11.7,2.47,
NGC 2513,NGC2513,galaxy,Galaxy,08:02:24,+09:24:48,11.6,1.91,
NGC 2517,NGC2517,galaxy,Galaxy,08:02:47,-12:19:04,11.9,1.74,
NGC 2520,NGC2520,cluster,Open Cluster,08:04:58,-28:08:48,6.5,9.30,
NGC 2525,NGC2525,galaxy,Galaxy,08:05:38,-11:25:37,11.5,3.08,
NGC 2533,NGC2533,cluster,Open Cluster,08:07:04,-29:53:01,7.6,4.98,
NGC 2539,NGC2539,cluster,Open Cluster,08:10:36,-12:49:14,6.5,12.30,
NGC 2537,NGC2537,galaxy,Galaxy,08:13:14,+45:59:23,11.7,2.07,"Bear Claw Nebula,Bear-Paw Galaxy"
M 48,NGC2548,cluster,Open Cluster,08:13:43,-05:45:01,5.8,28.20,
NGC 2541,NGC2541,galaxy,Galaxy,08:14:40,+49:03:42,11.7,3.02,
NGC 2523,NGC2523,galaxy,Galaxy,08:15:00,+73:34:44,11.9,2.79,
NGC 2559,NGC2559,galaxy,Galaxy,08:17:06,-27:27:21,11.3,2.81,
NGC 2567,NGC2567,cluster,Open Cluster,08:18:35,-30:38:08,7.4,6.00,
IC 2311,IC2311,galaxy,Galaxy,08:18:45,-25:22:11,11.5,2.14,
NGC 2566,NGC2566,galaxy,Galaxy,08:18:45,-25:29:58,10.8,3.98,
NGC 2571,NGC2571,cluster,Open Cluster,08:18:56,-29:44:57,7.0,7.20,
NGC 2549,NGC2549,galaxy,Galaxy,08:18:58,+57:48:11,11.1,3.63,
NGC 2580,NGC2580,cluster,Open Cluster,08:21:27,-30:17:36,9.7,3.00,
NGC 2588,NGC2588,cluster,Open Cluster,08:23:09,-32:58:30,11.8,3.90,
NGC 2587,NGC2587,cluster,Open Cluster,08:23:24,-29:30:31,9.2,6.00,
NGC 2613,NGC2613,galaxy,Galaxy,08:33:22,-22:58:25,10.4,7.62,
NGC 2627,NGC2627,cluster,Open Cluster,08:37:14,-29:57:01,8.4,5.40,
NGC 2635,NGC2635,cluster,Open Cluster,08:38:25,-34:46:17,11.2,5.10,
M 44,NGC2632,cluster,Open Cluster,08:40:22,+19:40:19,3.1,108.60,"Beehive,Praesepe Cluster"
NGC 2648,NGC2648,galaxy,Galaxy,08:42:39,+14:17:08,11.9,3.15,
NGC 2658,NGC2658,cluster,Open Cluster,08:43:27,-32:39:22,9.2,7.20,
NGC 2639,NGC2639,galaxy,Galaxy,08:43:38,+50:12:20,11.8,1.61,
NGC 2663,NGC2663,galaxy,Galaxy,08:45:08,-33:47:41,10.6,3.90,
NGC 2665,NGC2665,galaxy,Galaxy,08:46:00,-19:18:10,11.6,2.00,
NGC 2634,NGC2634,galaxy,Galaxy,08:48:25,+73:58:01,12.0,1.72,
NGC 2654,NGC2654,galaxy,Galaxy,08:49:11,+60:13:16,11.7,4.45,
NGC 2672,NGC2672,galaxy,Galaxy,08:49:21,+19:04:29,11.6,3.20,
M 67,NGC2682,cluster,Open Cluster,08:51:20,+11:48:43,6.9,33.00,
NGC 2683,NGC2683,galaxy,Galaxy,08:52:41,+33:25:18,9.7,9.48,
NGC 2681,NGC2681,galaxy,Galaxy,08:53:32,+51:18:49,10.9,3.97,
IC 0520,IC0520,galaxy,Galaxy,08:53:42,+73:29:27,11.8,2.10,
NGC 2685,NGC2685,galaxy,Galaxy,08:55:34,+58:44:03,11.3,4.33,Helix Galaxy
NGC 2698,NGC2698,galaxy,Galaxy,08:55:36,-03:11:02,11.9,1.47,
NGC 2655,NGC2655,galaxy,Galaxy,08:55:37,+78:13:23,10.4,3.93,
NGC 2708,NGC2708,galaxy,Galaxy,08:56:08,-03:21:36,12.0,2.93,
NGC 2693,NGC2693,galaxy,Galaxy,08:56:59,+51:20:50,11.9,2.00,
NGC 2713,NGC2713,galaxy,Galaxy,08:57:20,+02:55:16,11.8,3.37,
NGC 2749,NGC2749,galaxy,Galaxy,09:05:21,+18:18:47,11.8,1.92,
NGC 2742,NGC2742,galaxy,Galaxy,09:07:33,+60:28:45,11.5,2.86,
NGC 2715,NGC2715,galaxy,Galaxy,09:08:06,+78:05:06,11.5,4.20,
NGC 2775,NGC2775,galaxy,Galaxy,09:10:20,+07:02:16,10.2,4.25,
NGC 2781,NGC2781,galaxy,Galaxy,09:11:27,-14:49:00,11.6,2.52,
NGC 2768,NGC2768,galaxy,Galaxy,09:11:37,+60:02:14,9.9,5.64,
NGC 2776,NGC2776,galaxy,Galaxy,09:12:14,+44:57:17,11.7,2.14,
NGC 2784,NGC2784,galaxy,Galaxy,09:12:19,-24:10:21,10.1,4.82,
NGC 2732,NGC2732,galaxy,Galaxy,09:13:24,+79:11:14,11.9,1.81,
NGC 2748,NGC2748,galaxy,Galaxy,09:13:43,+76:28:31,11.7,2.60,
NGC 2811,NGC2811,galaxy,Galaxy,09:16:11,-16:18:45,11.4,3.05,
NGC 2815,NGC2815,galaxy,Galaxy,09:16:19,-23:37:59,11.9,3.51,
NGC 2835,NGC2835,galaxy,Galaxy,09:17:52,-22:21:16,10.6,6.43,
NGC 2787,NGC2787,galaxy,Galaxy,09:19:18,+69:12:11,11.2,3.24,
NGC 2832,NGC2832,galaxy,Galaxy,09:19:46,+33:44:59,11.8,3.20,
NGC 2805,NGC2805,galaxy,Galaxy,09:20:20,+64:06:10,11.6,3.39,
NGC 2855,NGC2855,galaxy,Galaxy,09:21:27,-11:54:34,11.1,3.45,
NGC 2841,NGC2841,galaxy,Galaxy,09:22:02,+50:58:35,10.2,6.90,
IC 2469,IC2469,galaxy,Galaxy,09:23:01,-32:26:59,11.1,5.79,
NGC 2865,NGC2865,galaxy,Galaxy,09:23:30,-23:09:41,11.5,2.44,
NGC 2859,NGC2859,galaxy,Galaxy,09:24:18,+34:30:48,10.9,3.19,
NGC 2872,NGC2872,galaxy,Galaxy,09:25:42,+11:25:55,11.9,1.75,
NGC 2889,NGC2889,galaxy,Galaxy,09:27:12,-11:38:36,11.8,1.95,
NGC 2880,NGC2880,galaxy,Galaxy,09:29:34,+62:29:26,11.6,2.33,
NGC 2907,NGC2907,galaxy,Galaxy,09:31:36,-16:44:04,11.6,2.82,
NGC 2903,NGC2903,galaxy,Galaxy,09:32:10,+21:30:03,8.9,11.94,
NGC 2935,NGC2935,galaxy,Galaxy,09:36:44,-21:07:41,11.2,4.21,
NGC 2962,NGC2962,galaxy,Galaxy,09:40:53,+05:09:56,11.9,2.31,
NGC 2967,NGC2967,galaxy,Galaxy,09:42:03,+00:20:11,11.6,2.14,
NGC 2974,NGC2974,galaxy,Galaxy,09:42:33,-03:41:56,10.9,3.48,
NGC 2950,NGC2950,galaxy,Galaxy,09:42:35,+58:51:04,11.0,2.62,
NGC 2964,NGC2964,galaxy,Galaxy,09:42:54,+31:50:50,11.4,2.92,
NGC 2968,NGC2968,galaxy,Galaxy,09:43:12,+31:55:43,11.7,2.48,
NGC 2983,NGC2983,galaxy,Galaxy,09:43:41,-20:28:37,11.9,2.37,
NGC 2986,NGC2986,galaxy,Galaxy,09:44:16,-21:16:40,10.6,4.81,
NGC 2997,NGC2997,galaxy,Galaxy,09:45:38,-31:11:27,9.4,10.26,
NGC 3001,NGC3001,galaxy,Galaxy,09:46:18,-30:26:14,11.6,3.02,
NGC 2976,NGC2976,galaxy,Galaxy,09:47:15,+67:54:59,10.2,5.77,
NGC 3003,NGC3003,galaxy,Galaxy,09:48:36,+33:25:17,11.8,4.74,
NGC 2985,NGC2985,galaxy,Galaxy,09:50:22,+72:16:43,10.5,3.61,
NGC 3038,NGC3038,galaxy,Galaxy,09:51:15,-32:45:09,11.7,2.80,
NGC 3041,NGC3041,galaxy,Galaxy,09:53:07,+16:40:39,11.6,3.22,
NGC 3044,NGC3044,galaxy,Galaxy,09:53:40,+01:34:46,11.9,4.20,
NGC 3054,NGC3054,galaxy,Galaxy,09:54:28,-25:42:12,11.5,3.56,
NGC 3056,NGC3056,galaxy,Galaxy,09:54:32,-28:17:53,11.7,2.26,
IC 2522,IC2522,galaxy,Galaxy,09:55:08,-33:08:13,12.0,2.30,
M 81,NGC3031,galaxy,Galaxy,09:55:33,+69:03:55,6.9,21.63,Bode's Galaxy
NGC 3027,NGC3027,galaxy,Galaxy,09:55:40,+72:12:12,11.8,3.35,
M 82,NGC3034,galaxy,Galaxy,09:55:52,+69:40:45,8.3,10.99,Cigar Galaxy
NGC 3078,NGC3078,galaxy,Galaxy,09:58:24,-26:55:36,11.2,3.04,
NGC 3087,NGC3087,galaxy,Galaxy,09:59:08,-34:13:30,11.4,2.28,
NGC 3095,NGC3095,galaxy,Galaxy,10:00:05,-31:33:10,11.6,3.61,
NGC 3091,NGC3091,galaxy,Galaxy,10:00:14,-19:38:13,11.0,3.69,
IC 2533,IC2533,galaxy,Galaxy,10:00:31,-31:14:42,12.0,2.04,
NGC 3100,NGC3100,galaxy,Galaxy,10:00:40,-31:39:52,11.4,3.56,
NGC 3079,NGC3079,galaxy,Galaxy,10:01:57,+55:40:47,10.7,8.18,
NGC 3098,NGC3098,galaxy,Galaxy,10:02:16,+24:42:39,12.0,2.33,
NGC 3108,NGC3108,galaxy,Galaxy,10:02:29,-31:40:38,11.5,2.54,
NGC 3109,NGC3109,galaxy,Galaxy,10:03:06,-26:09:34,10.5,16.00,
NGC 3077,NGC3077,galaxy,Galaxy,10:03:19,+68:44:02,9.9,5.21,
NGC 3115,NGC3115,galaxy,Galaxy,10:05:13,-07:43:06,9.1,7.10,Spindle Galaxy
NGC 3137,NGC3137,galaxy,Galaxy,10:09:07,-29:03:51,11.6,5.57,
NGC 3145,NGC3145,galaxy,Galaxy,10:10:09,-12:26:01,12.0,2.87,
NGC 3162,NGC3162,galaxy,Galaxy,10:13:31,+22:44:15,11.7,2.09,
NGC 3166,NGC3166,galaxy,Galaxy,10:13:45,+03:25:29,10.6,4.50,
NGC 3158,NGC3158,galaxy,Galaxy,10:13:50,+38:45:53,11.9,2.32,
NGC 3169,NGC3169,galaxy,Galaxy,10:14:15,+03:27:57,10.9,4.34,
NGC 3175,NGC3175,galaxy,Galaxy,10:14:42,-28:52:19,11.3,5.25,
NGC 3147,NGC3147,galaxy,Galaxy,10:16:53,+73:24:02,11.9,4.11,
NGC 3189,NGC3189,galaxy,Galaxy,10:18:05,+21:49:56,11.1,3.64,
NGC 3184,NGC3184,galaxy,Galaxy,10:18:16,+41:25:26,9.8,7.40,
NGC 3193,NGC3193,galaxy,Galaxy,10:18:24,+21:53:38,11.0,2.36,
NGC 3198,NGC3198,galaxy,Galaxy,10:19:54,+45:32:58,10.4,6.46,
NGC 3223,NGC3223,galaxy,Galaxy,10:21:35,-34:16:00,11.0,4.28,
NGC 3227,NGC3227,galaxy,Galaxy,10:23:30,+19:51:54,11.7,3.98,
NGC 3242,NGC3242,nebula,Planetary Nebula,10:24:46,-18:38:32,7.7,0.42,Jupiter's Ghost Nebula
NGC 3239,NGC3239,galaxy,Galaxy,10:25:04,+17:09:48,11.4,3.61,
NGC 3245,NGC3245,galaxy,Galaxy,10:27:18,+28:30:26,10.8,3.61,
IC 2574,IC2574,galaxy,Galaxy,10:28:23,+68:24:43,10.5,12.91,Coddington's Nebula
NGC 3254,NGC3254,galaxy,Galaxy,10:29:19,+29:29:30,11.7,2.34,
NGC 3281,NGC3281,galaxy,Galaxy,10:31:52,-34:51:13,11.9,3.10,
NGC 3277,NGC3277,galaxy,Galaxy,10:32:55,+28:30:42,11.7,2.11,
NGC 3285,NGC3285,galaxy,Galaxy,10:33:35,-27:27:16,12.0,2.97,
NGC 3294,NGC3294,galaxy,Galaxy,10:36:16,+37:19:28,11.7,3.08,
NGC 3309,NGC3309,galaxy,Galaxy,10:36:35,-27:31:06,11.7,1.82,
NGC 3311,NGC3311,galaxy,Galaxy,10:36:42,-27:31:42,11.3,2.63,
NGC 3301,NGC3301,galaxy,Galaxy,10:36:56,+21:52:55,11.4,3.63,
NGC 3313,NGC3313,galaxy,Galaxy,10:37:25,-25:19:10,11.7,2.96,
IC 2597,IC2597,galaxy,Galaxy,10:37:47,-27:04:54,11.7,2.62,
NGC 3310,NGC3310,galaxy,Galaxy,10:38:45,+53:30:12,11.6,1.80,
NGC 3319,NGC3319,galaxy,Galaxy,10:39:09,+41:41:12,11.4,3.63,
NGC 3338,NGC3338,galaxy,Galaxy,10:42:07,+13:44:49,10.9,1.23,
NGC 3344,NGC3344,galaxy,Galaxy,10:43:31,+24:55:20,10.0,6.70,
M 95,NGC3351,galaxy,Galaxy,10:43:57,+11:42:13,9.8,7.23,
NGC 3367,NGC3367,galaxy,Galaxy,10:46:34,+13:45:03,11.7,2.88,
NGC 3359,NGC3359,galaxy,Galaxy,10:46:36,+63:13:27,10.6,4.07,
M 96,NGC3368,galaxy,Galaxy,10:46:45,+11:49:11,9.2,8.26,
NGC 3348,NGC3348,galaxy,Galaxy,10:47:10,+72:50:22,10.9,2.13,
NGC 3377,NGC3377,galaxy,Galaxy,10:47:42,+13:59:09,10.3,3.87,
M 105,NGC3379,galaxy,Galaxy,10:47:49,+12:34:53,9.3,4.89,
NGC 3450,NGC3450,galaxy,Galaxy,10:48:03,-20:50:57,11.8,2.61,
NGC 3384,NGC3384,galaxy,Galaxy,10:48:16,+12:37:45,10.0,5.24,
NGC 3402,NGC3402,galaxy,Galaxy,10:50:26,-12:50:40,11.9,1.85,
NGC 3412,NGC3412,galaxy,Galaxy,10:50:53,+13:24:43,10.5,3.96,
NGC 3423,NGC3423,galaxy,Galaxy,10:51:14,+05:50:24,11.2,3.56,
NGC 3414,NGC3414,galaxy,Galaxy,10:51:16,+27:58:30,11.1,2.67,
NGC 3430,NGC3430,galaxy,Galaxy,10:52:11,+32:57:01,11.8,3.99,
NGC 3432,NGC3432,galaxy,Galaxy,10:52:31,+36:37:07,11.3,7.41,
NGC 3448,NGC3448,galaxy,Galaxy,10:54:39,+54:18:17,12.0,2.97,
NGC 3489,NGC3489,galaxy,Galaxy,11:00:18,+13:54:04,10.2,3.44,
NGC 3486,NGC3486,galaxy,Galaxy,11:00:23,+28:58:30,10.6,5.82,
NGC 3511,NGC3511,galaxy,Galaxy,11:03:23,-23:05:12,11.0,6.04,
NGC 3513,NGC3513,galaxy,Galaxy,11:03:46,-23:14:43,11.7,2.81,
NGC 3521,NGC3521,galaxy,Galaxy,11:05:48,-00:02:09,9.1,8.32,
IC 2627,IC2627,galaxy,Galaxy,11:09:53,-23:43:33,12.0,2.40,
M 108,NGC3556,galaxy,Galaxy,11:11:30,+55:40:26,10.1,3.98,
NGC 3585,NGC3585,galaxy,Galaxy,11:13:17,-26:45:17,9.7,6.61,
NGC 3593,NGC3593,galaxy,Galaxy,11:14:37,+12:49:03,10.9,4.69,
M 97,NGC3587,nebula,Planetary Nebula,11:14:47,+55:01:08,9.9,3.58,Owl Nebula
NGC 3596,NGC3596,galaxy,Galaxy,11:15:06,+14:47:13,11.5,3.55,
NGC 3607,NGC3607,galaxy,Galaxy,11:16:54,+18:03:06,10.0,4.59,
NGC 3608,NGC3608,galaxy,Galaxy,11:16:58,+18:08:55,10.6,3.18,
NGC 3621,NGC3621,galaxy,Galaxy,11:18:16,-32:48:50,9.6,9.79,
NGC 3610,NGC3610,galaxy,Galaxy,11:18:25,+58:47:10,10.8,2.39,
NGC 3613,NGC3613,galaxy,Galaxy,11:18:36,+58:00:00,10.8,3.55,
M 65,NGC3623,galaxy,Galaxy,11:18:55,+13:05:32,9.3,7.64,
NGC 3626,NGC3626,galaxy,Galaxy,11:20:03,+18:21:24,11.0,2.94,
M 66,NGC3627,galaxy,Galaxy,11:20:14,+12:59:29,8.9,10.28,
NGC 3628,NGC3628,galaxy,Galaxy,11:20:16,+13:35:22,9.4,11.04,
NGC 3631,NGC3631,galaxy,Galaxy,11:21:02,+53:10:10,10.4,3.72,
NGC 3640,NGC3640,galaxy,Galaxy,11:21:06,+03:14:05,10.4,4.33,
NGC 3646,NGC3646,galaxy,Galaxy,11:21:43,+20:10:10,11.2,3.09,
NGC 3655,NGC3655,galaxy,Galaxy,11:22:54,+16:35:24,11.7,1.45,
NGC 3665,NGC3665,galaxy,Galaxy,11:24:43,+38:45:46,10.8,4.06,
NGC 3672,NGC3672,galaxy,Galaxy,11:25:02,-09:47:43,11.3,2.90,
NGC 3673,NGC3673,galaxy,Galaxy,11:25:12,-26:44:12,11.6,3.48,
NGC 3675,NGC3675,galaxy,Galaxy,11:26:08,+43:35:09,10.1,5.90,
NGC 3681,NGC3681,galaxy,Galaxy,11:26:29,+16:51:47,11.9,1.74,
NGC 3684,NGC3684,galaxy,Galaxy,11:27:11,+17:01:48,11.8,2.29,
NGC 3686,NGC3686,galaxy,Galaxy,11:27:43,+17:13:27,11.4,2.88,
NGC 3690B,NGC3690B,galaxy,Galaxy,11:28:33,+58:33:46,11.7,2.40,
NGC 3705,NGC3705,galaxy,Galaxy,11:30:07,+09:16:35,11.0,4.31,
NGC 3717,NGC3717,galaxy,Galaxy,11:31:31,-30:18:27,11.2,6.52,
NGC 3718,NGC3718,galaxy,Galaxy,11:32:34,+53:04:04,10.7,4.70,
NGC 3726,NGC3726,galaxy,Galaxy,11:33:21,+47:01:45,10.5,5.27,
NGC 3729,NGC3729,galaxy,Galaxy,11:33:49,+53:07:32,11.6,2.89,
NGC 3738,NGC3738,galaxy,Galaxy,11:35:48,+54:31:26,11.4,2.26,
NGC 3756,NGC3756,galaxy,Galaxy,11:36:48,+54:17:36,11.5,1.91,
NGC 3810,NGC3810,galaxy,Galaxy,11:40:58,+11:28:16,10.8,3.35,
NGC 3813,NGC3813,galaxy,Galaxy,11:41:18,+36:32:48,11.7,2.12,
NGC 3818,NGC3818,galaxy,Galaxy,11:41:57,-06:09:20,11.8,2.44,
NGC 3842,NGC3842,galaxy,Galaxy,11:44:02,+19:56:59,11.8,2.14,
NGC 3872,NGC3872,galaxy,Galaxy,11:45:49,+13:46:00,11.7,2.39,
NGC 3877,NGC3877,galaxy,Galaxy,11:46:07,+47:29:39,11.0,5.36,
NGC 3885,NGC3885,galaxy,Galaxy,11:46:46,-27:55:19,11.9,2.74,
NGC 3887,NGC3887,galaxy,Galaxy,11:47:04,-16:51:16,10.9,3.27,
NGC 3892,NGC3892,galaxy,Galaxy,11:48:00,-10:57:43,11.2,3.08,
NGC 3893,NGC3893,galaxy,Galaxy,11:48:38,+48:42:39,10.6,2.69,
NGC 3894,NGC3894,galaxy,Galaxy,11:48:50,+59:24:56,11.6,2.66,
NGC 3900,NGC3900,galaxy,Galaxy,11:49:09,+27:01:19,11.4,2.55,
NGC 3904,NGC3904,galaxy,Galaxy,11:49:13,-29:16:36,10.8,3.47,
NGC 3898,NGC3898,galaxy,Galaxy,11:49:15,+56:05:03,10.7,3.47,
NGC 3917,NGC3917,galaxy,Galaxy,11:50:45,+51:49:28,11.8,4.61,
NGC 3923,NGC3923,galaxy,Galaxy,11:51:01,-28:48:21,9.6,6.89,
NGC 3938,NGC3938,galaxy,Galaxy,11:52:49,+44:07:14,10.4,3.55,
NGC 3941,NGC3941,galaxy,Galaxy,11:52:55,+36:59:10,10.4,3.51,
NGC 3945,NGC3945,galaxy,Galaxy,11:53:13,+60:40:32,10.8,5.55,
NGC 3949,NGC3949,galaxy,Galaxy,11:53:41,+47:51:31,10.9,2.26,
NGC 3953,NGC3953,galaxy,Galaxy,11:53:48,+52:19:36,10.1,6.14,
NGC 3955,NGC3955,galaxy,Galaxy,11:53:57,-23:09:51,11.8,4.15,
NGC 3962,NGC3962,galaxy,Galaxy,11:54:40,-13:58:30,10.7,4.17,
NGC 3981,NGC3981,galaxy,Galaxy,11:56:07,-19:53:46,11.7,3.32,
NGC 3982,NGC3982,galaxy,Galaxy,11:56:28,+55:07:30,11.7,2.13,
M 109,NGC3992,galaxy,Galaxy,11:57:35,+53:22:28,9.9,8.07,
NGC 3998,NGC3998,galaxy,Galaxy,11:57:56,+55:27:12,11.3,2.78,
NGC 4013,NGC4013,galaxy,Galaxy,11:58:31,+43:56:47,11.3,4.89,
NGC 4024,NGC4024,galaxy,Galaxy,11:58:31,-18:20:48,11.8,1.75,
IC 0750,IC0750,galaxy,Galaxy,11:58:52,+42:43:20,11.8,2.11,
NGC 4026,NGC4026,galaxy,Galaxy,11:59:25,+50:57:42,10.8,4.41,
NGC 4027,NGC4027,galaxy,Galaxy,11:59:30,-19:15:54,11.2,3.54,
NGC 4030,NGC4030,galaxy,Galaxy,12:00:23,-01:06:00,10.5,3.78,
NGC 4033,NGC4033,galaxy,Galaxy,12:00:34,-17:50:33,11.8,2.59,
NGC 4036,NGC4036,galaxy,Galaxy,12:01:26,+61:53:44,10.8,4.85,
NGC 4038,NGC4038,galaxy,Galaxy,12:01:53,-18:52:03,10.2,5.42,Antennae Galaxies
NGC 4039,NGC4039,galaxy,Galaxy,12:01:53,-18:53:10,11.0,5.36,Antennae Galaxies
NGC 4041,NGC4041,galaxy,Galaxy,12:02:12,+62:08:14,11.1,2.57,
NGC 4045,NGC4045,galaxy,Galaxy,12:02:42,+01:58:36,11.8,2.55,
NGC 4050,NGC4050,galaxy,Galaxy,12:02:53,-16:22:25,11.8,3.43,
NGC 4051,NGC4051,galaxy,Galaxy,12:03:09,+44:31:52,11.4,4.89,
NGC 4062,NGC4062,galaxy,Galaxy,12:04:03,+31:53:44,11.2,4.14,
NGC 4064,NGC4064,galaxy,Galaxy,12:04:11,+18:26:36,11.3,3.22,
NGC 4073,NGC4073,galaxy,Galaxy,12:04:27,+01:53:45,11.5,2.09,
NGC 4088,NGC4088,galaxy,Galaxy,12:05:34,+50:32:20,10.6,7.01,
NGC 4096,NGC4096,galaxy,Galaxy,12:06:01,+47:28:42,10.6,5.65,
NGC 4100,NGC4100,galaxy,Galaxy,12:06:08,+49:34:57,11.1,4.56,
NGC 4102,NGC4102,galaxy,Galaxy,12:06:22,+52:42:39,11.9,2.94,
NGC 4105,NGC4105,galaxy,Galaxy,12:06:40,-29:45:36,10.6,4.33,
NGC 4106,NGC4106,galaxy,Galaxy,12:06:44,-29:46:05,11.3,4.14,
NGC 4111,NGC4111,galaxy,Galaxy,12:07:03,+43:03:56,10.8,1.78,
NGC 4125,NGC4125,galaxy,Galaxy,12:08:06,+65:10:26,9.7,5.87,
NGC 4119,NGC4119,galaxy,Galaxy,12:08:09,+10:22:44,11.5,1.58,
NGC 4123,NGC4123,galaxy,Galaxy,12:08:11,+02:52:41,11.4,3.18,
NGC 4128,NGC4128,galaxy,Galaxy,12:08:32,+68:46:03,12.0,2.21,
NGC 4136,NGC4136,galaxy,Galaxy,12:09:17,+29:55:39,11.9,2.34,
NGC 4138,NGC4138,galaxy,Galaxy,12:09:29,+43:41:07,11.8,2.92,
NGC 4144,NGC4144,galaxy,Galaxy,12:09:58,+46:27:25,11.6,5.24,
NGC 4145,NGC4145,galaxy,Galaxy,12:10:01,+39:53:01,11.2,4.62,
NGC 4147,NGC4147,cluster,Globular Cluster,12:10:06,+18:32:31,10.7,2.40,
NGC 4151,NGC4151,galaxy,Galaxy,12:10:32,+39:24:20,11.5,2.88,
NGC 4150,NGC4150,galaxy,Galaxy,12:10:33,+30:24:05,11.7,1.99,
NGC 4157,NGC4157,galaxy,Galaxy,12:11:04,+50:29:04,11.3,6.22,
NGC 4162,NGC4162,galaxy,Galaxy,12:11:52,+24:07:25,11.7,2.28,
NGC 4168,NGC4168,galaxy,Galaxy,12:12:17,+13:12:18,11.4,2.92,
NGC 4178,NGC4178,galaxy,Galaxy,12:12:46,+10:51:57,11.4,4.66,
NGC 4179,NGC4179,galaxy,Galaxy,12:12:52,+01:17:58,10.9,4.48,
NGC 4189,NGC4189,galaxy,Galaxy,12:13:47,+13:25:29,11.8,2.20,
M 98,NGC4192,galaxy,Galaxy,12:13:48,+14:54:01,10.8,11.04,
NGC 4203,NGC4203,galaxy,Galaxy,12:15:05,+33:11:50,11.6,3.42,
NGC 4208,NGC4208,galaxy,Galaxy,12:15:39,+13:54:05,11.1,2.80,
NGC 4214,NGC4214,galaxy,Galaxy,12:15:39,+36:19:36,9.8,6.79,
NGC 4217,NGC4217,galaxy,Galaxy,12:15:50,+47:05:30,11.2,5.43,
NGC 4215,NGC4215,galaxy,Galaxy,12:15:54,+06:24:04,12.0,1.69,
NGC 4216,NGC4216,galaxy,Galaxy,12:15:54,+13:08:57,9.9,7.82,
NGC 4220,NGC4220,galaxy,Galaxy,12:16:11,+47:52:59,11.3,3.30,
NGC 4224,NGC4224,galaxy,Galaxy,12:16:33,+07:27:43,11.8,2.90,
NGC 4236,NGC4236,galaxy,Galaxy,12:16:42,+69:27:45,9.8,23.50,
NGC 4233,NGC4233,galaxy,Galaxy,12:17:07,+07:37:27,11.9,2.34,
NGC 4235,NGC4235,galaxy,Galaxy,12:17:09,+07:11:29,12.0,4.41,
NGC 4237,NGC4237,galaxy,Galaxy,12:17:11,+15:19:26,11.8,1.82,
NGC 4223,NGC4223,galaxy,Galaxy,12:17:25,+06:41:24,11.9,2.02,
NGC 4244,NGC4244,galaxy,Galaxy,12:17:29,+37:48:25,10.2,16.22,
NGC 4242,NGC4242,galaxy,Galaxy,12:17:30,+45:37:09,11.0,3.80,
NGC 4245,NGC4245,galaxy,Galaxy,12:17:36,+29:36:28,11.4,2.55,
NGC 4251,NGC4251,galaxy,Galaxy,12:18:08,+28:10:31,10.8,2.34,
M 99,NGC4254,galaxy,Galaxy,12:18:49,+14:24:59,9.8,5.04,"Coma Pinwheel,Virgo Cluster Pinwheel"
M 106,NGC4258,galaxy,Galaxy,12:18:57,+47:18:14,9.3,16.98,
NGC 4260,NGC4260,galaxy,Galaxy,12:19:22,+06:05:55,11.6,2.51,
NGC 4261,NGC4261,galaxy,Galaxy,12:19:23,+05:49:30,11.1,4.25,
NGC 4262,NGC4262,galaxy,Galaxy,12:19:30,+14:52:39,11.5,1.74,
NGC 4267,NGC4267,galaxy,Galaxy,12:19:45,+12:47:53,10.9,2.55,
NGC 4274,NGC4274,galaxy,Galaxy,12:19:50,+29:36:52,10.4,3.63,
NGC 4273,NGC4273,galaxy,Galaxy,12:19:56,+05:20:36,11.8,2.19,
NGC 4278,NGC4278,galaxy,Galaxy,12:20:06,+29:16:50,10.2,2.89,
NGC 4291,NGC4291,galaxy,Galaxy,12:20:18,+75:22:15,11.4,1.93,
NGC 4281,NGC4281,galaxy,Galaxy,12:20:21,+05:23:11,11.3,2.85,
NGC 4293,NGC4293,galaxy,Galaxy,12:21:12,+18:22:56,10.2,6.24,
NGC 4298,NGC4298,galaxy,Galaxy,12:21:32,+14:36:22,11.3,2.54,
NGC 4302,NGC4302,galaxy,Galaxy,12:21:42,+14:35:53,11.5,6.00,
M 61,NGC4303,galaxy,Galaxy,12:21:54,+04:28:25,10.2,6.89,
NGC 4304,NGC4304,galaxy,Galaxy,12:22:12,-33:29:04,11.8,2.48,
NGC 4312,NGC4312,galaxy,Galaxy,12:22:31,+15:32:16,11.7,5.02,
NGC 4314,NGC4314,galaxy,Galaxy,12:22:31,+29:53:45,10.6,3.70,
M 100,NGC4321,galaxy,Galaxy,12:22:54,+15:49:18,9.5,6.10,
NGC 4324,NGC4324,galaxy,Galaxy,12:23:06,+05:15:01,11.5,2.96,
NGC 4339,NGC4339,galaxy,Galaxy,12:23:34,+06:04:54,11.4,2.32,
NGC 4340,NGC4340,galaxy,Galaxy,12:23:35,+16:43:20,11.2,2.82,
NGC 4350,NGC4350,galaxy,Galaxy,12:23:57,+16:41:36,10.9,2.80,
NGC 4365,NGC4365,galaxy,Galaxy,12:24:28,+07:19:03,9.4,5.12,
NGC 4386,NGC4386,galaxy,Galaxy,12:24:28,+75:31:44,11.7,2.52,
NGC 4361,NGC4361,nebula,Planetary Nebula,12:24:30,-18:47:05,10.9,1.05,
NGC 4369,NGC4369,galaxy,Galaxy,12:24:36,+39:22:58,11.7,1.98,
NGC 4371,NGC4371,galaxy,Galaxy,12:24:55,+11:42:15,10.8,3.88,
M 84,NGC4374,galaxy,Galaxy,12:25:03,+12:53:13,9.8,7.41,
NGC 4377,NGC4377,galaxy,Galaxy,12:25:12,+14:45:43,11.8,1.60,
NGC 4379,NGC4379,galaxy,Galaxy,12:25:14,+15:36:26,11.6,1.87,
NGC 4378,NGC4378,galaxy,Galaxy,12:25:18,+04:55:30,11.3,2.09,
NGC 4380,NGC4380,galaxy,Galaxy,12:25:22,+10:01:00,11.3,3.35,
M 85,NGC4382,galaxy,Galaxy,12:25:24,+18:11:29,9.1,6.95,
NGC 4388,NGC4388,galaxy,Galaxy,12:25:46,+12:39:43,11.0,5.38,
NGC 4395,NGC4395,galaxy,Galaxy,12:25:48,+33:32:48,10.3,4.17,
NGC 4394,NGC4394,galaxy,Galaxy,12:25:55,+18:12:50,11.0,3.48,
NGC 4402,NGC4402,galaxy,Galaxy,12:26:07,+13:06:48,11.8,3.52,
M 86,NGC4406,galaxy,Galaxy,12:26:11,+12:56:46,8.9,11.53,
NGC 4414,NGC4414,galaxy,Galaxy,12:26:27,+31:13:24,10.2,1.95,
NGC 4416,NGC4416,galaxy,Galaxy,12:26:46,+07:55:08,11.6,1.57,
NGC 4417,NGC4417,galaxy,Galaxy,12:26:50,+09:35:03,11.2,3.09,
NGC 4419,NGC4419,galaxy,Galaxy,12:26:56,+15:02:50,11.1,3.89,
NGC 4421,NGC4421,galaxy,Galaxy,12:27:02,+15:27:41,11.4,2.59,
NGC 4424,NGC4424,galaxy,Galaxy,12:27:11,+09:25:14,11.7,3.04,
NGC 4425,NGC4425,galaxy,Galaxy,12:27:13,+12:44:05,11.9,3.08,
NGC 4429,NGC4429,galaxy,Galaxy,12:27:26,+11:06:27,10.1,5.30,
NGC 4435,NGC4435,galaxy,Galaxy,12:27:40,+13:04:44,11.0,3.03,Eyes
NGC 4438,NGC4438,galaxy,Galaxy,12:27:45,+13:00:31,10.9,9.16,Eyes
NGC 4440,NGC4440,galaxy,Galaxy,12:27:53,+12:17:35,11.8,1.77,
NGC 4442,NGC4442,galaxy,Galaxy,12:28:03,+09:48:13,10.6,4.32,
NGC 4449,NGC4449,galaxy,Galaxy,12:28:11,+44:05:37,9.6,4.66,
NGC 4448,NGC4448,galaxy,Galaxy,12:28:15,+28:37:13,11.1,1.58,
NGC 4450,NGC4450,galaxy,Galaxy,12:28:29,+17:05:05,10.9,5.46,
NGC 4452,NGC4452,galaxy,Galaxy,12:28:43,+11:45:18,11.9,3.36,
NGC 4454,NGC4454,galaxy,Galaxy,12:28:50,-01:56:21,11.9,2.17,
NGC 4457,NGC4457,galaxy,Galaxy,12:28:59,+03:34:14,10.6,2.79,
NGC 4459,NGC4459,galaxy,Galaxy,12:29:00,+13:58:42,10.2,4.17,
NGC 4461,NGC4461,galaxy,Galaxy,12:29:03,+13:11:01,11.0,3.61,
NGC 4462,NGC4462,galaxy,Galaxy,12:29:21,-23:09:58,11.8,3.60,
NGC 4469,NGC4469,galaxy,Galaxy,12:29:28,+08:44:59,11.0,2.86,
M 49,NGC4472,galaxy,Galaxy,12:29:46,+08:00:01,8.3,10.21,
NGC 4473,NGC4473,galaxy,Galaxy,12:29:48,+13:25:45,10.1,4.27,
NGC 4474,NGC4474,galaxy,Galaxy,12:29:53,+14:04:06,11.6,2.33,
NGC 4477,NGC4477,galaxy,Galaxy,12:30:02,+13:38:11,10.3,3.70,
NGC 4478,NGC4478,galaxy,Galaxy,12:30:17,+12:19:42,11.4,1.75,
NGC 4490,NGC4490,galaxy,Galaxy,12:30:36,+41:38:38,9.7,6.71,
M 87,NGC4486,galaxy,Galaxy,12:30:49,+12:23:28,9.0,7.11,Virgo Galaxy
NGC 4492,NGC4492,galaxy,Galaxy,12:30:59,+08:04:40,12.0,2.11,
NGC 4487,NGC4487,galaxy,Galaxy,12:31:04,-08:03:14,11.4,3.46,
NGC 4494,NGC4494,galaxy,Galaxy,12:31:24,+25:46:30,9.8,4.35,
NGC 4496A,NGC4496A,galaxy,Galaxy,12:31:39,+03:56:22,11.6,3.37,
M 88,NGC4501,galaxy,Galaxy,12:31:59,+14:25:13,10.3,8.65,
NGC 4503,NGC4503,galaxy,Galaxy,12:32:06,+11:10:35,11.0,3.48,
NGC 4504,NGC4504,galaxy,Galaxy,12:32:17,-07:33:48,11.6,3.18,
NGC 4517,NGC4517,galaxy,Galaxy,12:32:45,+00:06:54,10.5,9.02,
IC 3568,IC3568,nebula,Planetary Nebula,12:33:06,+82:33:50,10.6,0.38,
NGC 4519,NGC4519,galaxy,Galaxy,12:33:30,+08:39:17,12.0,2.33,
NGC 4526,NGC4526,galaxy,Galaxy,12:34:03,+07:41:58,9.6,6.95,
NGC 4528,NGC4528,galaxy,Galaxy,12:34:06,+11:19:16,12.0,1.60,
NGC 4527,NGC4527,galaxy,Galaxy,12:34:08,+02:39:13,10.5,6.30,
NGC 4532,NGC4532,galaxy,Galaxy,12:34:19,+06:28:03,11.9,2.49,
NGC 4535,NGC4535,galaxy,Galaxy,12:34:20,+08:11:51,9.9,8.15,
NGC 4536,NGC4536,galaxy,Galaxy,12:34:27,+02:11:17,10.5,7.08,
M 91,NGC4548,galaxy,Galaxy,12:35:26,+14:29:46,11.0,5.55,
NGC 4546,NGC4546,galaxy,Galaxy,12:35:29,-03:47:35,10.6,3.16,
NGC 4551,NGC4551,galaxy,Galaxy,12:35:37,+12:15:50,12.0,1.71,
M 89,NGC4552,galaxy,Galaxy,12:35:39,+12:33:22,10.1,8.13,
NGC 4559,NGC4559,galaxy,Galaxy,12:35:57,+27:57:36,9.9,10.57,
NGC 4565,NGC4565,galaxy,Galaxy,12:36:20,+25:59:15,10.9,16.75,Needle Galaxy
NGC 4564,NGC4564,galaxy,Galaxy,12:36:26,+11:26:21,11.3,3.13,
NGC 4567,NGC4567,galaxy,Galaxy,12:36:32,+11:15:28,11.3,2.74,"Butterfly Galaxies,Siamese Twins"
NGC 4568,NGC4568,galaxy,Galaxy,12:36:34,+11:14:20,10.8,4.31,"Butterfly Galaxies,Siamese Twins"
M 90,NGC4569,galaxy,Galaxy,12:36:49,+13:09:46,9.5,9.12,
NGC 4570,NGC4570,galaxy,Galaxy,12:36:53,+07:14:47,11.1,3.88,
NGC 4571,NGC4571,galaxy,Galaxy,12:36:56,+14:13:02,11.3,3.56,
NGC 4589,NGC4589,galaxy,Galaxy,12:37:24,+74:11:30,10.7,2.93,
NGC 4578,NGC4578,galaxy,Galaxy,12:37:30,+09:33:18,11.4,2.50,
M 58,NGC4579,galaxy,Galaxy,12:37:43,+11:49:05,10.3,5.01,
NGC 4586,NGC4586,galaxy,Galaxy,12:38:28,+04:19:08,11.6,3.43,
NGC 4592,NGC4592,galaxy,Galaxy,12:39:18,-00:31:55,11.9,4.10,
M 68,NGC4590,cluster,Globular Cluster,12:39:28,-26:44:34,8.0,6.60,
NGC 4593,NGC4593,galaxy,Galaxy,12:39:39,-05:20:39,11.4,2.40,
NGC 4596,NGC4596,galaxy,Galaxy,12:39:55,+10:10:34,10.5,3.93,
M 104,NGC4594,galaxy,Galaxy,12:39:59,-11:37:23,8.6,8.45,Sombrero Galaxy
NGC 4605,NGC4605,galaxy,Galaxy,12:39:59,+61:36:33,10.3,5.87,
NGC 4602,NGC4602,galaxy,Galaxy,12:40:36,-05:07:58,11.8,1.29,
NGC 4606,NGC4606,galaxy,Galaxy,12:40:57,+11:54:44,11.9,2.47,
NGC 4608,NGC4608,galaxy,Galaxy,12:41:13,+10:09:20,11.1,2.88,
NGC 4618,NGC4618,galaxy,Galaxy,12:41:32,+41:09:02,10.8,3.56,
M 59,NGC4621,galaxy,Galaxy,12:42:02,+11:38:49,9.6,4.55,
NGC 4631,NGC4631,galaxy,Galaxy,12:42:08,+32:32:29,9.2,14.45,Whale Galaxy
NGC 4632,NGC4632,galaxy,Galaxy,12:42:32,-00:04:57,11.9,2.56,
NGC 4638,NGC4638,galaxy,Galaxy,12:42:47,+11:26:33,11.1,2.31,
NGC 4636,NGC4636,galaxy,Galaxy,12:42:49,+02:41:16,10.0,6.35,
NGC 4639,NGC4639,galaxy,Galaxy,12:42:52,+13:15:26,11.6,2.87,
NGC 4643,NGC4643,galaxy,Galaxy,12:43:20,+01:58:41,10.7,2.24,
NGC 4647,NGC4647,galaxy,Galaxy,12:43:32,+11:34:54,11.6,2.75,
M 60,NGC4649,galaxy,Galaxy,12:43:39,+11:33:09,8.8,6.78,
NGC 4651,NGC4651,galaxy,Galaxy,12:43:42,+16:23:36,10.8,3.87,Umbrella Galaxy
NGC 4654,NGC4654,galaxy,Galaxy,12:43:56,+13:07:36,10.5,4.72,
NGC 4656 NED01,NGC4656 NED01,galaxy,Galaxy,12:43:57,+32:10:12,10.5,6.46,
NGC 4660,NGC4660,galaxy,Galaxy,12:44:31,+11:11:25,11.3,2.09,
NGC 4664,NGC4664,galaxy,Galaxy,12:45:05,+03:03:20,10.5,4.52,
NGC 4666,NGC4666,galaxy,Galaxy,12:45:08,-00:27:42,10.8,4.97,
NGC 4684,NGC4684,galaxy,Galaxy,12:47:17,-02:43:38,11.6,2.97,
NGC 4689,NGC4689,galaxy,Galaxy,12:47:45,+13:45:46,10.9,3.82,
NGC 4691,NGC4691,galaxy,Galaxy,12:48:13,-03:19:57,11.0,3.03,
NGC 4698,NGC4698,galaxy,Galaxy,12:48:22,+08:29:14,10.7,3.81,
NGC 4697,NGC4697,galaxy,Galaxy,12:48:35,-05:48:02,9.4,7.14,
NGC 4699,NGC4699,galaxy,Galaxy,12:49:02,-08:39:53,9.5,3.99,
NGC 4710,NGC4710,galaxy,Galaxy,12:49:38,+15:09:55,10.7,4.39,
NGC 4713,NGC4713,galaxy,Galaxy,12:49:57,+05:18:41,11.7,1.66,
NGC 4725,NGC4725,galaxy,Galaxy,12:50:26,+25:30:02,9.4,9.71,
M 94,NGC4736,galaxy,Galaxy,12:50:53,+41:07:13,8.2,7.74,
NGC 4731,NGC4731,galaxy,Galaxy,12:51:01,-06:23:35,11.4,6.32,
NGC 4733,NGC4733,galaxy,Galaxy,12:51:06,+10:54:43,11.8,1.97,
NGC 4742,NGC4742,galaxy,Galaxy,12:51:48,-10:27:17,11.2,2.14,
IC 3829,IC3829,galaxy,Galaxy,12:52:13,-29:50:26,11.7,3.41,
NGC 4754,NGC4754,galaxy,Galaxy,12:52:17,+11:18:50,10.5,4.16,
NGC 4753,NGC4753,galaxy,Galaxy,12:52:22,-01:11:58,9.7,6.49,
NGC 4762,NGC4762,galaxy,Galaxy,12:52:56,+11:13:50,10.2,8.26,
NGC 4760,NGC4760,galaxy,Galaxy,12:53:07,-10:29:39,11.6,2.57,
NGC 4772,NGC4772,galaxy,Galaxy,12:53:29,+02:10:06,11.3,4.12,
NGC 4775,NGC4775,galaxy,Galaxy,12:53:45,-06:37:19,11.6,2.22,
NGC 4781,NGC4781,galaxy,Galaxy,12:54:23,-10:32:13,11.4,3.66,
NGC 4786,NGC4786,galaxy,Galaxy,12:54:32,-06:51:33,11.7,1.98,
NGC 4793,NGC4793,galaxy,Galaxy,12:54:40,+28:56:19,11.6,1.82,
NGC 4808,NGC4808,galaxy,Galaxy,12:55:48,+04:18:14,11.8,2.36,
NGC 4802,NGC4802,galaxy,Galaxy,12:55:49,-12:03:19,11.3,2.64,
M 64,NGC4826,galaxy,Galaxy,12:56:43,+21:40:58,8.5,10.52,"Black Eye Galaxy,Evil Eye Galaxy"
NGC 4818,NGC4818,galaxy,Galaxy,12:56:48,-08:31:31,11.3,4.27,
NGC 4825,NGC4825,galaxy,Galaxy,12:57:12,-13:39:53,11.6,2.69,
NGC 4845,NGC4845,galaxy,Galaxy,12:58:01,+01:34:33,11.0,5.50,
NGC 4856,NGC4856,galaxy,Galaxy,12:59:21,-15:02:31,10.6,4.25,
NGC 4866,NGC4866,galaxy,Galaxy,12:59:27,+14:10:15,11.1,5.77,
NGC 4874,NGC4874,galaxy,Galaxy,12:59:35,+27:57:33,11.8,2.29,
NGC 4889,NGC4889,galaxy,Galaxy,13:00:08,+27:58:37,11.4,2.59,
NGC 4900,NGC4900,galaxy,Galaxy,13:00:39,+02:30:05,11.4,2.13,
NGC 4914,NGC4914,galaxy,Galaxy,13:00:42,+37:18:55,11.6,2.69,
NGC 4904,NGC4904,galaxy,Galaxy,13:00:58,-00:01:39,12.0,1.99,
NGC 4902,NGC4902,galaxy,Galaxy,13:00:59,-14:30:49,11.3,2.63,
NGC 4915,NGC4915,galaxy,Galaxy,13:01:28,-04:32:47,12.0,1.64,
NGC 4933B,NGC4933B,galaxy,Galaxy,13:03:56,-11:29:53,11.7,4.37,
NGC 4941,NGC4941,galaxy,Galaxy,13:04:13,-05:33:05,11.3,3.29,
NGC 4939,NGC4939,galaxy,Galaxy,13:04:14,-10:20:22,11.9,5.71,
NGC 4936,NGC4936,galaxy,Galaxy,13:04:16,-30:31:34,10.7,2.85,
NGC 4951,NGC4951,galaxy,Galaxy,13:05:07,-06:29:37,11.8,3.14,
NGC 4958,NGC4958,galaxy,Galaxy,13:05:48,-08:01:13,10.6,4.79,
IC 4182,IC4182,galaxy,Galaxy,13:05:49,+37:36:17,11.6,6.01,
NGC 4981,NGC4981,galaxy,Galaxy,13:08:48,-06:46:39,11.4,2.70,
NGC 4984,NGC4984,galaxy,Galaxy,13:08:57,-15:30:58,11.0,3.37,
NGC 4995,NGC4995,galaxy,Galaxy,13:09:40,-07:50:00,11.1,2.43,
NGC 5005,NGC5005,galaxy,Galaxy,13:10:56,+37:03:33,10.7,4.82,
M 53,NGC5024,cluster,Globular Cluster,13:12:55,+18:10:08,7.8,9.00,
NGC 5018,NGC5018,galaxy,Galaxy,13:13:01,-19:31:05,10.8,3.49,
NGC 5033,NGC5033,galaxy,Galaxy,13:13:27,+36:35:38,10.7,9.84,
NGC 5044,NGC5044,galaxy,Galaxy,13:15:23,-16:23:07,10.8,3.66,
NGC 5042,NGC5042,galaxy,Galaxy,13:15:31,-23:59:02,11.8,4.15,
M 63,NGC5055,galaxy,Galaxy,13:15:49,+42:01:45,8.6,11.83,Sunflower Galaxy
NGC 5053,NGC5053,cluster,Globular Cluster,13:16:26,+17:41:51,10.0,4.80,
NGC 5054,NGC5054,galaxy,Galaxy,13:16:58,-16:38:05,10.8,5.04,
IC 4214,IC4214,galaxy,Galaxy,13:17:42,-32:06:06,11.4,2.96,
NGC 5061,NGC5061,galaxy,Galaxy,13:18:05,-26:50:14,10.3,3.75,
NGC 5068,NGC5068,galaxy,Galaxy,13:18:54,-21:02:20,10.1,7.48,
NGC 5077,NGC5077,galaxy,Galaxy,13:19:31,-12:39:25,11.7,2.65,
NGC 5078,NGC5078,galaxy,Galaxy,13:19:49,-27:24:37,10.6,2.56,
NGC 5084,NGC5084,galaxy,Galaxy,13:20:16,-21:49:39,10.5,9.93,
NGC 5087,NGC5087,galaxy,Galaxy,13:20:24,-20:36:39,11.1,2.99,
NGC 5101,NGC5101,galaxy,Galaxy,13:21:46,-27:25:49,10.5,5.90,
NGC 5105,NGC5105,galaxy,Galaxy,13:21:49,-13:12:24,11.8,1.93,
NGC 5134,NGC5134,galaxy,Galaxy,13:25:18,-21:08:03,11.8,2.70,
NGC 5153,NGC5153,galaxy,Galaxy,13:27:54,-29:37:04,11.9,2.44,
NGC 5161,NGC5161,galaxy,Galaxy,13:29:13,-33:10:25,11.5,5.36,
NGC 5172,NGC5172,galaxy,Galaxy,13:29:19,+17:03:06,12.0,2.38,
NGC 5204,NGC5204,galaxy,Galaxy,13:29:36,+58:25:07,11.3,4.50,
NGC 5170,NGC5170,galaxy,Galaxy,13:29:48,-17:57:59,11.2,7.96,
M 51,NGC5194,galaxy,Galaxy,13:29:52,+47:11:42,8.4,13.71,Whirlpool Galaxy
NGC 5195,NGC5195,galaxy,Galaxy,13:29:59,+47:15:58,9.6,5.50,
NGC 5198,NGC5198,galaxy,Galaxy,13:30:11,+46:40:14,11.8,2.03,
NGC 5193,NGC5193,galaxy,Galaxy,13:31:53,-33:14:03,11.7,2.07,
IC 4296,IC4296,galaxy,Galaxy,13:36:39,-33:57:57,10.5,4.62,
M 83,NGC5236,galaxy,Galaxy,13:37:00,-29:51:55,7.2,13.61,Southern Pinwheel Galaxy
NGC 5248,NGC5248,galaxy,Galaxy,13:37:32,+08:53:06,10.0,4.07,
NGC 5247,NGC5247,galaxy,Galaxy,13:38:03,-17:53:02,10.4,5.32,
NGC 5253,NGC5253,galaxy,Galaxy,13:39:55,-31:38:24,10.3,5.01,
NGC 5264,NGC5264,galaxy,Galaxy,13:41:36,-29:54:47,12.0,2.97,
M 3,NGC5272,cluster,Globular Cluster,13:42:11,+28:22:31,6.4,16.20,
NGC 5297,NGC5297,galaxy,Galaxy,13:46:23,+43:52:20,11.8,3.72,
NGC 5308,NGC5308,galaxy,Galaxy,13:47:00,+60:58:23,11.3,4.33,
NGC 5292,NGC5292,galaxy,Galaxy,13:47:40,-30:56:22,11.9,2.29,
IC 4329,IC4329,galaxy,Galaxy,13:49:05,-30:17:45,11.0,4.74,
NGC 5322,NGC5322,galaxy,Galaxy,13:49:15,+60:11:25,10.1,5.62,
NGC 5326,NGC5326,galaxy,Galaxy,13:50:50,+39:34:29,11.9,2.18,
NGC 5328,NGC5328,galaxy,Galaxy,13:52:53,-28:29:21,11.7,3.07,
NGC 5334,NGC5334,galaxy,Galaxy,13:52:54,-01:06:52,11.7,3.38,
NGC 5350,NGC5350,galaxy,Galaxy,13:53:21,+40:21:50,11.5,2.69,
NGC 5353,NGC5353,galaxy,Galaxy,13:53:26,+40:16:58,11.0,2.37,
NGC 5354,NGC5354,galaxy,Galaxy,13:53:26,+40:18:09,11.4,3.03,
NGC 5371,NGC5371,galaxy,Galaxy,13:55:39,+40:27:42,11.7,3.98,
NGC 5389,NGC5389,galaxy,Galaxy,13:56:06,+59:44:31,12.0,3.27,
NGC 5363,NGC5363,galaxy,Galaxy,13:56:07,+05:15:17,10.2,4.17,
NGC 5364,NGC5364,galaxy,Galaxy,13:56:12,+05:00:52,10.5,3.80,
NGC 5377,NGC5377,galaxy,Galaxy,13:56:16,+47:14:08,11.3,3.64,
NGC 5383,NGC5383,galaxy,Galaxy,13:57:04,+41:50:46,11.6,2.48,
IC 4351,IC4351,galaxy,Galaxy,13:57:54,-29:18:56,11.6,6.55,
NGC 5395,NGC5395,galaxy,Galaxy,13:58:37,+37:25:28,11.7,2.49,
NGC 5422,NGC5422,galaxy,Galaxy,14:00:42,+55:09:52,11.8,2.81,
NGC 5448,NGC5448,galaxy,Galaxy,14:02:50,+49:10:21,11.9,3.77,
M 101,NGC5457,galaxy,Galaxy,14:03:12,+54:20:56,7.9,23.99,
NGC 5444,NGC5444,galaxy,Galaxy,14:03:24,+35:07:55,11.9,2.48,
NGC 5419,NGC5419,galaxy,Galaxy,14:03:38,-33:58:41,10.8,3.98,
NGC 5473,NGC5473,galaxy,Galaxy,14:04:43,+54:53:33,11.5,1.99,
NGC 5474,NGC5474,galaxy,Galaxy,14:05:01,+53:39:44,11.0,2.39,
NGC 5466,NGC5466,cluster,Globular Cluster,14:05:27,+28:32:04,9.7,6.60,
NGC 5485,NGC5485,galaxy,Galaxy,14:07:11,+55:00:06,11.5,2.51,
IC 0983,IC0983,galaxy,Galaxy,14:10:04,+17:44:01,12.0,2.32,
NGC 5493,NGC5493,galaxy,Galaxy,14:11:29,-05:02:37,11.4,2.17,
NGC 5529,NGC5529,galaxy,Galaxy,14:15:34,+36:13:35,11.9,5.79,
NGC 5533,NGC5533,galaxy,Galaxy,14:16:07,+35:20:37,11.8,2.86,
NGC 5532,NGC5532,galaxy,Galaxy,14:16:52,+10:48:26,11.9,2.34,
NGC 5557,NGC5557,galaxy,Galaxy,14:18:25,+36:29:36,11.0,2.28,
NGC 5585,NGC5585,galaxy,Galaxy,14:19:48,+56:43:44,11.0,4.27,
NGC 5566,NGC5566,galaxy,Galaxy,14:20:19,+03:56:01,10.5,5.36,
NGC 5556,NGC5556,galaxy,Galaxy,14:20:34,-29:14:30,11.8,3.45,
NGC 5582,NGC5582,galaxy,Galaxy,14:20:43,+39:41:36,11.6,2.20,
NGC 5576,NGC5576,galaxy,Galaxy,14:21:03,+03:16:15,10.9,2.83,
NGC 5614,NGC5614,galaxy,Galaxy,14:24:07,+34:51:31,11.7,2.43,
NGC 5631,NGC5631,galaxy,Galaxy,14:26:33,+56:34:57,11.6,1.95,
NGC 5634,NGC5634,cluster,Globular Cluster,14:29:37,-05:58:35,10.1,4.50,
NGC 5638,NGC5638,galaxy,Galaxy,14:29:40,+03:13:59,11.2,1.94,
NGC 5660,NGC5660,galaxy,Galaxy,14:29:49,+49:37:21,11.9,2.64,
NGC 5678,NGC5678,galaxy,Galaxy,14:32:05,+57:55:17,11.4,2.96,
IC 1029,IC1029,galaxy,Galaxy,14:32:27,+49:54:16,11.3,2.78,
NGC 5676,NGC5676,galaxy,Galaxy,14:32:46,+49:27:28,11.2,3.59,
NGC 5668,NGC5668,galaxy,Galaxy,14:33:24,+04:27:01,11.7,1.91,
NGC 5687,NGC5687,galaxy,Galaxy,14:34:52,+54:28:33,11.7,2.41,
NGC 5689,NGC5689,galaxy,Galaxy,14:35:29,+48:44:29,11.8,3.66,
NGC 5701,NGC5701,galaxy,Galaxy,14:39:11,+05:21:48,11.2,2.00,
NGC 5694,NGC5694,cluster,Globular Cluster,14:39:36,-26:32:18,10.9,3.30,
NGC 5713,NGC5713,galaxy,Galaxy,14:40:11,-00:17:20,11.3,2.47,
NGC 5728,NGC5728,galaxy,Galaxy,14:42:23,-17:15:11,11.5,3.20,
NGC 5740,NGC5740,galaxy,Galaxy,14:44:24,+01:40:47,11.9,2.70,
NGC 5746,NGC5746,galaxy,Galaxy,14:44:55,+01:57:18,10.6,7.24,
NGC 5750,NGC5750,galaxy,Galaxy,14:46:11,-00:13:22,11.7,2.65,
NGC 5775,NGC5775,galaxy,Galaxy,14:53:57,+03:32:40,11.4,3.70,
NGC 5792,NGC5792,galaxy,Galaxy,14:58:22,-01:05:27,11.3,3.55,
NGC 5791,NGC5791,galaxy,Galaxy,14:58:46,-19:16:00,11.8,2.71,
NGC 5796,NGC5796,galaxy,Galaxy,14:59:24,-16:37:25,11.6,2.65,
NGC 5806,NGC5806,galaxy,Galaxy,15:00:00,+01:53:28,11.7,3.03,
NGC 5812,NGC5812,galaxy,Galaxy,15:00:55,-07:27:26,11.2,2.66,
NGC 5813,NGC5813,galaxy,Galaxy,15:01:11,+01:42:07,10.5,4.13,
NGC 5824,NGC5824,cluster,Globular Cluster,15:03:58,-33:04:05,9.6,5.10,
NGC 5831,NGC5831,galaxy,Galaxy,15:04:07,+01:13:11,11.5,2.24,
NGC 5838,NGC5838,galaxy,Galaxy,15:05:26,+02:05:57,10.8,3.86,
NGC 5845,NGC5845,galaxy,Galaxy,15:06:00,+01:38:01,11.4,1.00,
NGC 5846,NGC5846,galaxy,Galaxy,15:06:29,+01:36:20,10.2,4.27,
NGC 5866,NGC5866,galaxy,Galaxy,15:06:29,+55:45:47,9.9,6.31,
NGC 5850,NGC5850,galaxy,Galaxy,15:07:07,+01:32:39,11.0,3.35,
NGC 5854,NGC5854,galaxy,Galaxy,15:07:47,+02:34:07,11.8,3.02,
NGC 5861,NGC5861,galaxy,Galaxy,15:09:16,-11:19:18,11.7,2.78,
NGC 5879,NGC5879,galaxy,Galaxy,15:09:46,+57:00:00,11.5,3.79,
NGC 5878,NGC5878,galaxy,Galaxy,15:13:45,-14:16:11,11.7,3.27,
NGC 5885,NGC5885,galaxy,Galaxy,15:15:04,-10:05:09,11.7,3.07,
NGC 5907,NGC5907,galaxy,Galaxy,15:15:53,+56:19:43,10.4,11.30,
NGC 5908,NGC5908,galaxy,Galaxy,15:16:43,+55:24:33,11.9,3.37,
NGC 5897,NGC5897,cluster,Globular Cluster,15:17:24,-21:00:36,8.5,9.90,
NGC 5898,NGC5898,galaxy,Galaxy,15:18:13,-24:05:52,11.4,2.66,
M 5,NGC5904,cluster,Globular Cluster,15:18:33,+02:04:57,6.0,15.00,
NGC 5903,NGC5903,galaxy,Galaxy,15:18:36,-24:04:06,11.3,3.00,
NGC 5921,NGC5921,galaxy,Galaxy,15:21:56,+05:04:13,11.0,3.02,
NGC 5965,NGC5965,galaxy,Galaxy,15:34:02,+56:41:08,11.8,5.08,
NGC 5962,NGC5962,galaxy,Galaxy,15:36:31,+16:36:28,11.5,2.48,
NGC 5964,NGC5964,galaxy,Galaxy,15:37:36,+05:58:26,11.8,3.42,
NGC 5970,NGC5970,galaxy,Galaxy,15:38:29,+12:11:11,11.6,2.77,
NGC 5982,NGC5982,galaxy,Galaxy,15:38:39,+59:21:21,11.1,3.07,
NGC 5985,NGC5985,galaxy,Galaxy,15:39:37,+59:19:55,11.8,3.98,
NGC 5987,NGC5987,galaxy,Galaxy,15:39:57,+58:04:46,11.7,3.84,
NGC 6015,NGC6015,galaxy,Galaxy,15:51:25,+62:18:36,11.2,5.81,
NGC 6012,NGC6012,galaxy,Galaxy,15:54:13,+14:36:04,12.0,1.77,
NGC 6070,NGC6070,galaxy,Galaxy,16:09:58,+00:42:33,11.8,3.49,
IC 4593,IC4593,nebula,Planetary Nebula,16:11:44,+12:04:17,10.7,0.66,
IC 4592,IC4592,nebula,Reflection Nebula,16:11:58,-19:27:16,3.9,60.00,
M 80,NGC6093,cluster,Globular Cluster,16:17:02,-22:58:30,7.3,5.70,
NGC 6125,NGC6125,galaxy,Galaxy,16:19:11,+57:59:03,12.0,1.38,
NGC 6140,NGC6140,galaxy,Galaxy,16:20:58,+65:23:26,11.7,2.09,
NGC 6118,NGC6118,galaxy,Galaxy,16:21:48,-02:17:00,11.7,4.45,
M 4,NGC6121,cluster,Globular Cluster,16:23:35,-26:31:31,5.4,28.20,
IC 4604,IC4604,nebula,Nebula,16:25:31,-23:26:11,5.1,60.00,rho Oph Nebula
NGC 6144,NGC6144,cluster,Globular Cluster,16:27:14,-26:01:29,9.6,5.40,
NGC 6166,NGC6166,galaxy,Galaxy,16:28:38,+39:33:05,11.9,2.14,
IC 4605,IC4605,nebula,Nebula,16:30:12,-25:06:54,4.7,30.00,
NGC 6181,NGC6181,galaxy,Galaxy,16:32:20,+19:49:35,11.8,2.39,
M 107,NGC6171,cluster,Globular Cluster,16:32:31,-13:03:13,8.8,7.80,
M 13,NGC6205,cluster,Globular Cluster,16:41:41,+36:27:40,5.8,16.50,Hercules Globular Cluster
NGC 6207,NGC6207,galaxy,Galaxy,16:43:03,+36:49:56,11.6,3.46,
NGC 6210,NGC6210,nebula,Planetary Nebula,16:44:29,+23:47:59,9.7,0.50,
NGC 6229,NGC6229,cluster,Globular Cluster,16:46:58,+47:31:40,9.9,4.80,
M 12,NGC6218,cluster,Globular Cluster,16:47:14,-01:56:52,6.1,11.10,
NGC 6235,NGC6235,cluster,Globular Cluster,16:53:25,-22:10:38,7.2,4.20,
M 10,NGC6254,cluster,Globular Cluster,16:57:08,-04:05:57,5.0,9.30,
M 62,NGC6266,cluster,Globular Cluster,17:01:12,-30:06:44,7.4,7.80,
IC 4634,IC4634,nebula,Planetary Nebula,17:01:33,-21:49:33,10.9,0.14,
M 19,NGC6273,cluster,Globular Cluster,17:02:37,-26:16:04,5.6,7.50,
NGC 6284,NGC6284,cluster,Globular Cluster,17:04:28,-24:45:51,7.4,6.60,
NGC 6287,NGC6287,cluster,Globular Cluster,17:05:09,-22:42:28,10.3,5.40,
NGC 6293,NGC6293,cluster,Globular Cluster,17:10:10,-26:34:54,9.0,4.50,
NGC 6340,NGC6340,galaxy,Galaxy,17:10:24,+72:18:16,11.1,3.04,
NGC 6309,NGC6309,nebula,Planetary Nebula,17:14:04,-12:54:38,11.5,0.26,Box Nebula
NGC 6304,NGC6304,cluster,Globular Cluster,17:14:32,-29:27:44,9.0,3.60,
NGC 6316,NGC6316,cluster,Globular Cluster,17:16:37,-28:08:24,9.0,4.80,
M 92,NGC6341,cluster,Globular Cluster,17:17:07,+43:08:11,6.5,14.40,
NGC 6325,NGC6325,cluster,Globular Cluster,17:17:59,-23:45:57,11.5,4.02,
M 9,NGC6333,cluster,Globular Cluster,17:19:11,-18:30:58,8.4,6.90,
NGC 6342,NGC6342,cluster,Globular Cluster,17:21:10,-19:35:14,10.0,6.60,
NGC 6356,NGC6356,cluster,Globular Cluster,17:23:34,-17:48:46,7.4,5.40,
NGC 6355,NGC6355,cluster,Globular Cluster,17:23:58,-26:21:12,11.1,2.70,
NGC 6369,NGC6369,nebula,Planetary Nebula,17:29:20,-23:45:34,11.4,0.63,Little Ghost Nebula
NGC 6412,NGC6412,galaxy,Galaxy,17:29:37,+75:42:15,11.8,2.13,
NGC 6384,NGC6384,galaxy,Galaxy,17:32:24,+07:03:37,10.6,2.45,
NGC 6374,NGC6374,cluster,Open Cluster,17:34:42,-32:34:52,5.5,6.90,
NGC 6411,NGC6411,galaxy,Galaxy,17:35:32,+60:48:48,11.9,1.76,
M 14,NGC6402,cluster,Globular Cluster,17:37:36,-03:14:45,5.7,9.9,
NGC 6401,NGC6401,cluster,Globular Cluster,17:38:36,-23:54:31,10.7,4.50,
NGC 6404,NGC6404,cluster,Open Cluster,17:39:37,-33:14:48,10.6,4.20,
M 6,NGC6405,cluster,Open Cluster,17:40:20,-32:15:15,4.2,15.60,Butterfly Cluster
IC 4665,IC4665,cluster,Open Cluster,17:46:27,+05:38:55,4.2,24.60,
NGC 6425,NGC6425,cluster,Open Cluster,17:47:01,-31:31:45,7.2,4.80,
NGC 6440,NGC6440,cluster,Globular Cluster,17:48:52,-20:21:34,10.1,5.10,
NGC 6445,NGC6445,nebula,Planetary Nebula,17:49:15,-20:00:34,11.2,0.55,Little Gem
NGC 6503,NGC6503,galaxy,Galaxy,17:49:26,+70:08:39,10.1,5.94,
NGC 6451,NGC6451,cluster,Open Cluster,17:50:40,-30:12:41,8.2,7.20,
NGC 6453,NGC6453,cluster,Globular Cluster,17:50:51,-34:35:59,10.5,5.40,
NGC 6482,NGC6482,galaxy,Galaxy,17:51:48,+23:04:19,11.3,2.03,
NGC 6487,NGC6487,galaxy,Galaxy,17:52:41,+29:50:19,12.0,1.80,
NGC 6469,NGC6469,cluster,Open Cluster,17:53:12,-22:16:30,8.2,9.00,
M 7,NGC6475,cluster,Open Cluster,17:53:51,-34:47:34,3.3,22.20,Ptolemy's Cluster
M 23,NGC6494,cluster,Open Cluster,17:57:04,-18:59:07,5.5,16.80,
NGC 6543,NGC6543,nebula,Planetary Nebula,17:58:33,+66:37:59,9.0,0.90,Cat's Eye Nebula
NGC 6507,NGC6507,cluster,Open Cluster,17:59:50,-17:27:01,9.6,4.80,
NGC 6517,NGC6517,cluster,Globular Cluster,18:01:50,-08:57:34,11.1,4.80,
M 20,NGC6514,nebula,Nebula,18:02:42,-22:58:18,8.5,28.00,Trifid Nebula
NGC 6520,NGC6520,cluster,Open Cluster,18:03:24,-27:53:10,7.6,5.40,
NGC 6522,NGC6522,cluster,Globular Cluster,18:03:34,-30:02:02,9.5,3.90,
M 8,NGC6523,nebula,Nebula,18:03:41,-24:22:48,5.8,45.00,Lagoon Nebula
NGC 6535,NGC6535,cluster,Globular Cluster,18:03:50,-00:17:48,9.8,3.60,
M 21,NGC6531,cluster,Open Cluster,18:04:13,-22:29:24,5.9,6.00,
NGC 6530,NGC6530,nebula,Cluster + Nebula,18:04:31,-24:21:29,4.6,6.00,
NGC 6528,NGC6528,cluster,Globular Cluster,18:04:49,-30:03:20,10.7,3.60,
NGC 6537,NGC6537,nebula,Planetary Nebula,18:05:13,-19:50:34,11.6,0.17,Red Spider Nebula
NGC 6548,NGC6548,galaxy,Galaxy,18:05:59,+18:35:14,11.7,2.65,
IC 4678,IC4678,nebula,Nebula,18:06:33,-23:57:16,10.4,,
NGC 6544,NGC6544,cluster,Globular Cluster,18:07:20,-24:59:54,9.9,6.00,
NGC 6546,NGC6546,cluster,Open Cluster,18:07:22,-23:17:46,8.0,6.90,
NGC 6553,NGC6553,cluster,Globular Cluster,18:09:17,-25:54:28,9.1,5.40,
NGC 6558,NGC6558,cluster,Globular Cluster,18:10:18,-31:45:48,11.3,5.40,
NGC 6574,NGC6574,galaxy,Galaxy,18:11:51,+14:58:54,12.0,1.57,
NGC 6565,NGC6565,nebula,Planetary Nebula,18:11:52,-28:10:42,11.6,0.23,
NGC 6563,NGC6563,nebula,Planetary Nebula,18:12:02,-33:52:06,11.0,0.79,
NGC 6572,NGC6572,nebula,Planetary Nebula,18:12:06,+06:51:13,8.1,0.18,
NGC 6568,NGC6568,cluster,Open Cluster,18:12:44,-21:37:40,8.6,7.80,
NGC 6569,NGC6569,cluster,Globular Cluster,18:13:38,-31:49:39,9.5,4.50,
NGC 6567,NGC6567,nebula,Planetary Nebula,18:13:45,-19:04:33,11.0,0.13,
NGC 6583,NGC6583,cluster,Open Cluster,18:15:48,-22:08:15,10.0,3.60,
NGC 6605,NGC6605,cluster,Open Cluster,18:16:21,-15:00:54,6.0,6.30,
NGC 6589,NGC6589,nebula,Nebula,18:16:55,-19:46:37,10.5,4.00,
NGC 6590,NGC6590,nebula,Reflection Nebula,18:17:04,-19:51:57,9.8,4.00,
IC 1284,IC1284,nebula,Nebula,18:17:39,-19:40:19,7.7,16.98,
NGC 6604,NGC6604,cluster,Open Cluster,18:18:02,-12:14:35,6.5,9.60,
NGC 6603,NGC6603,cluster,Open Cluster,18:18:26,-18:24:21,11.1,4.20,
M 16,NGC6611,nebula,Nebula,18:18:48,-13:48:26,6.0,120.00,Eagle Nebula
IC 4703,IC4703,nebula,Nebula,18:18:56,-13:50:43,6.0,5.05,"Eagle Nebula,Star Queen"
NGC 6643,NGC6643,galaxy,Galaxy,18:19:46,+74:34:06,11.1,3.32,
M 18,NGC6613,cluster,Open Cluster,18:19:58,-17:06:07,6.9,6.00,
M 17,NGC6618,nebula,Nebula,18:20:47,-16:10:17,7.0,12.60,"Checkmark Nebula,Lobster Nebula,Swan Nebula,omega Nebula"
NGC 6625,NGC6625,cluster,Open Cluster,18:22:47,-11:57:18,9.0,6.00,
NGC 6654,NGC6654,galaxy,Galaxy,18:24:07,+73:10:59,11.8,2.91,
M 28,NGC6626,cluster,Globular Cluster,18:24:32,-24:52:11,6.9,5.10,
NGC 6629,NGC6629,nebula,Planetary Nebula,18:25:42,-23:12:10,11.3,0.26,
NGC 6631,NGC6631,cluster,Open Cluster,18:27:11,-12:01:52,11.7,5.70,
NGC 6633,NGC6633,cluster,Open Cluster,18:27:15,+06:30:29,4.6,12.00,
NGC 6638,NGC6638,cluster,Globular Cluster,18:30:56,-25:29:47,9.7,4.20,
M 69,NGC6637,cluster,Globular Cluster,18:31:23,-32:20:52,8.3,5.70,
IC 1287,IC1287,nebula,Reflection Nebula,18:31:25,-10:47:44,6.1,20.00,
M 25,IC4725,cluster,Open Cluster,18:31:46,-19:06:53,4.6,14.10,
NGC 6642,NGC6642,cluster,Globular Cluster,18:31:54,-23:28:34,10.2,3.90,
NGC 6644,NGC6644,nebula,Planetary Nebula,18:32:34,-25:07:45,10.7,0.04,
NGC 6645,NGC6645,cluster,Open Cluster,18:32:37,-16:53:02,8.5,5.40,
NGC 6647,NGC6647,cluster,Open Cluster,18:32:49,-17:13:43,8.0,3.60,
NGC 6649,NGC6649,cluster,Open Cluster,18:33:27,-10:24:10,8.9,5.58,
NGC 6658,NGC6658,galaxy,Galaxy,18:33:55,+22:53:17,11.8,1.50,
NGC 6652,NGC6652,cluster,Globular Cluster,18:35:45,-32:59:25,9.8,5.10,
M 22,NGC6656,cluster,Globular Cluster,18:36:24,-23:54:12,6.2,12.60,
NGC 6664,NGC6664,cluster,Open Cluster,18:36:33,-08:13:14,7.8,6.00,
IC 4756,IC4756,cluster,Open Cluster,18:38:51,+05:27:43,4.6,24.00,
NGC 6683,NGC6683,cluster,Open Cluster,18:42:13,-06:12:44,9.4,3.00,
M 70,NGC6681,cluster,Globular Cluster,18:43:12,-32:17:30,9.1,6.60,
M 26,NGC6694,cluster,Open Cluster,18:45:18,-09:23:01,8.9,6.00,
IC 4776,IC4776,nebula,Planetary Nebula,18:45:50,-33:20:35,10.8,0.12,
NGC 6703,NGC6703,galaxy,Galaxy,18:47:18,+45:33:02,11.4,2.43,
NGC 6704,NGC6704,cluster,Open Cluster,18:50:45,-05:12:19,9.2,3.30,
M 11,NGC6705,cluster,Open Cluster,18:51:05,-06:16:12,5.8,9.00,"Amas de l'Ecu de Sobieski,Wild Duck Cluster"
NGC 6709,NGC6709,cluster,Open Cluster,18:51:18,+10:19:07,6.7,8.70,
NGC 6712,NGC6712,cluster,Globular Cluster,18:53:04,-08:42:19,8.7,5.70,
M 57,NGC6720,nebula,Planetary Nebula,18:53:35,+33:01:42,8.8,1.27,Ring Nebula
NGC 6716,NGC6716,cluster,Open Cluster,18:54:34,-19:54:03,7.5,7.20,
M 54,NGC6715,cluster,Globular Cluster,18:55:03,-30:28:42,7.7,5.10,
NGC 6717,NGC6717,cluster,Globular Cluster,18:55:06,-22:42:05,10.3,3.90,
NGC 6743,NGC6743,cluster,Open Cluster,19:01:20,+29:16:38,8.2,6.90,
IC 4816,IC4816,nebula,Nova,19:01:50,-13:09:42,4.5,,
NGC 6741,NGC6741,nebula,Planetary Nebula,19:02:37,-00:26:57,11.5,0.13,Phantom Streak Nebula
NGC 6751,NGC6751,nebula,Planetary Nebula,19:05:55,-05:59:32,11.9,0.34,
NGC 6755,NGC6755,cluster,Open Cluster,19:07:49,+04:15:59,7.5,6.00,
NGC 6756,NGC6756,cluster,Open Cluster,19:08:42,+04:42:20,10.6,3.60,
NGC 6760,NGC6760,cluster,Globular Cluster,19:11:12,+01:01:49,9.8,5.40,
IC 4846,IC4846,nebula,Planetary Nebula,19:16:28,-09:02:37,11.9,0.03,
M 56,NGC6779,cluster,Globular Cluster,19:16:35,+30:11:04,8.4,5.80,
NGC 6781,NGC6781,nebula,Planetary Nebula,19:18:28,+06:32:23,11.4,1.80,
NGC 6791,NGC6791,cluster,Open Cluster,19:20:53,+37:46:18,9.5,6.30,
NGC 6790,NGC6790,nebula,Planetary Nebula,19:22:56,+01:30:48,10.5,0.12,
NGC 6802,NGC6802,cluster,Open Cluster,19:30:35,+20:15:39,8.8,4.50,
NGC 6803,NGC6803,nebula,Planetary Nebula,19:31:16,+10:03:21,11.4,0.09,
NGC 6804,NGC6804,nebula,Planetary Nebula,19:31:35,+09:13:30,12.0,0.58,
NGC 6807,NGC6807,nebula,Planetary Nebula,19:34:33,+05:41:03,12.0,0.03,
NGC 6811,NGC6811,cluster,Open Cluster,19:37:17,+46:23:19,6.8,7.20,
M 55,NGC6809,cluster,Globular Cluster,19:39:59,-30:57:43,6.5,12.00,
NGC 6819,NGC6819,cluster,Open Cluster,19:41:18,+40:11:12,7.3,6.90,Foxhead Cluster
NGC 6814,NGC6814,galaxy,Galaxy,19:42:40,-10:19:24,11.3,3.08,
NGC 6823,NGC6823,nebula,Cluster + Nebula,19:43:09,+23:17:59,7.1,6.00,
NGC 6824,NGC6824,galaxy,Galaxy,19:43:40,+56:06:34,11.8,1.91,
NGC 6818,NGC6818,nebula,Planetary Nebula,19:43:57,-14:09:11,9.3,0.77,Little Gem Nebula
NGC 6826,NGC6826,nebula,Planetary Nebula,19:44:48,+50:31:30,9.4,0.42,Blinking Planetary
NGC 6822,NGC6822,galaxy,Galaxy,19:44:57,-14:48:12,10.1,17.38,Barnard's Galaxy
NGC 6830,NGC6830,cluster,Open Cluster,19:50:59,+23:06:00,7.9,4.20,
NGC 6834,NGC6834,cluster,Open Cluster,19:52:12,+29:24:29,7.8,4.50,
M 71,NGC6838,cluster,Globular Cluster,19:53:46,+18:46:42,6.1,6.90,
M 27,NGC6853,nebula,Planetary Nebula,19:59:36,+22:43:15,7.4,6.70,Dumbbell Nebula
NGC 6857,NGC6857,nebula,HII Region,20:01:48,+33:31:33,11.4,0.63,
NGC 6866,NGC6866,cluster,Open Cluster,20:03:55,+44:09:32,7.6,5.10,
NGC 6871,NGC6871,cluster,Open Cluster,20:05:59,+35:46:38,5.2,9.30,
M 75,NGC6864,cluster,Globular Cluster,20:06:04,-21:55:20,8.3,3.60,
NGC 6884,NGC6884,nebula,Planetary Nebula,20:10:23,+46:27:39,10.9,0.10,
NGC 6883,NGC6883,cluster,Open Cluster,20:11:19,+35:49:55,8.0,4.50,
NGC 6888,NGC6888,nebula,HII Region,20:12:06,+38:21:17,7.4,20.00,Crescent Nebula
NGC 6886,NGC6886,nebula,Planetary Nebula,20:12:42,+19:59:23,11.4,0.09,
NGC 6891,NGC6891,nebula,Planetary Nebula,20:15:08,+12:42:15,10.5,0.25,
IC 4996,IC4996,cluster,Open Cluster,20:16:33,+37:33:19,7.3,6.00,
IC 4997,IC4997,nebula,Planetary Nebula,20:20:08,+16:43:54,10.5,0.03,
NGC 6905,NGC6905,nebula,Planetary Nebula,20:22:22,+20:06:16,11.1,0.67,Blue Flash Nebula
NGC 6910,NGC6910,cluster,Open Cluster,20:23:12,+40:46:43,7.4,6.30,
M 29,NGC6913,cluster,Open Cluster,20:23:57,+38:30:27,6.6,3.60,
NGC 6907,NGC6907,galaxy,Galaxy,20:25:06,-24:48:33,11.2,3.33,
NGC 6939,NGC6939,cluster,Open Cluster,20:31:30,+60:39:43,7.8,12.00,
NGC 6934,NGC6934,cluster,Globular Cluster,20:34:11,+07:24:14,9.8,5.40,
NGC 6925,NGC6925,galaxy,Galaxy,20:34:20,-31:58:51,11.3,4.68,
NGC 6940,NGC6940,cluster,Open Cluster,20:34:26,+28:16:57,6.3,10.80,
NGC 6946,NGC6946,galaxy,Galaxy,20:34:52,+60:09:14,9.1,11.40,Fireworks Galaxy
NGC 6960,NGC6960,nebula,Supernova Remnant,20:45:58,+30:35:42,7.0,210.00,"Veil Nebula,Filamentary Nebula,Western Veil"
NGC 6962,NGC6962,galaxy,Galaxy,20:47:19,+00:19:14,11.9,2.70,
IC 5070,IC5070,nebula,HII Region,20:51:00,+44:24:05,8.0,60.00,Pelican Nebula
M 72,NGC6981,cluster,Globular Cluster,20:53:27,-12:32:13,9.0,4.50,
NGC 6992,NGC6992,nebula,Supernova Remnant,20:56:19,+31:44:33,7.0,60.00,"Eastern Veil,Network Nebula"
NGC 6997,NGC6997,nebula,Cluster + Nebula,20:56:39,+44:37:53,10.0,6.90,
NGC 6995,NGC6995,nebula,Supernova Remnant,20:57:10,+31:14:06,7.0,12.00,"Eastern Veil,Network Nebula"
NGC 7000,NGC7000,nebula,HII Region,20:59:17,+44:31:43,4.0,120.00,North America Nebula
NGC 7008,NGC7008,nebula,Planetary Nebula,21:00:32,+54:32:35,10.7,1.43,
NGC 7006,NGC7006,cluster,Globular Cluster,21:01:29,+16:11:15,10.5,4.20,
NGC 7023,NGC7023,nebula,Nebula,21:01:35,+68:10:10,7.2,10.00,Iris Nebula
NGC 7013,NGC7013,galaxy,Galaxy,21:03:33,+29:53:50,11.3,4.16,
NGC 7009,NGC7009,nebula,Planetary Nebula,21:04:10,-11:21:47,8.0,0.70,Saturn Nebula
NGC 7026,NGC7026,nebula,Planetary Nebula,21:06:18,+47:51:07,10.9,0.33,
NGC 7027,NGC7027,nebula,Planetary Nebula,21:07:01,+42:14:11,8.5,0.23,
NGC 7031,NGC7031,cluster,Open Cluster,21:07:12,+50:52:32,9.1,3.90,
NGC 7039,NGC7039,cluster,Open Cluster,21:10:47,+45:37:18,7.6,7.80,
NGC 7044,NGC7044,cluster,Open Cluster,21:13:09,+42:29:46,12.0,6.00,
NGC 7062,NGC7062,cluster,Open Cluster,21:23:27,+46:22:42,8.3,3.60,
NGC 7063,NGC7063,cluster,Open Cluster,21:24:21,+36:29:15,7.0,6.30,
NGC 7067,NGC7067,cluster,Open Cluster,21:24:23,+48:00:33,9.7,2.40,
NGC 7082,NGC7082,cluster,Open Cluster,21:29:17,+47:07:34,7.2,9.00,
M 15,NGC7078,cluster,Globular Cluster,21:29:58,+12:10:00,6.3,11.10,
NGC 7086,NGC7086,cluster,Open Cluster,21:30:27,+51:36:01,8.4,4.80,
M 39,NGC7092,cluster,Open Cluster,21:31:48,+48:26:17,4.6,19.50,
IC 5117,IC5117,nebula,Planetary Nebula,21:32:30,+44:35:47,11.5,0.02,
M 2,NGC7089,cluster,Globular Cluster,21:33:27,-00:49:23,6.2,8.40,
M 30,NGC7099,cluster,Globular Cluster,21:40:22,-23:10:44,7.1,9.00,
NGC 7129,NGC7129,nebula,Cluster + Nebula,21:42:59,+66:06:46,11.5,2.10,
NGC 7128,NGC7128,cluster,Open Cluster,21:43:57,+53:42:54,9.7,3.00,
NGC 7142,NGC7142,cluster,Open Cluster,21:45:09,+65:46:28,9.3,9.60,
IC 5146,IC5146,nebula,Cluster + Nebula,21:53:28,+47:16:00,7.2,10.00,Cocoon Nebula
NGC 7160,NGC7160,cluster,Open Cluster,21:53:40,+62:36:11,6.1,4.20,
NGC 7177,NGC7177,galaxy,Galaxy,22:00:41,+17:44:17,11.1,2.85,
NGC 7173,NGC7173,galaxy,Galaxy,22:02:03,-31:58:25,12.0,1.88,
NGC 7184,NGC7184,galaxy,Galaxy,22:02:39,-20:48:46,11.0,5.98,
NGC 7209,NGC7209,cluster,Open Cluster,22:05:07,+46:29:00,7.7,6.00,
NGC 7217,NGC7217,galaxy,Galaxy,22:07:52,+31:21:33,10.5,4.52,
NGC 7218,NGC7218,galaxy,Galaxy,22:10:11,-16:39:39,11.9,2.55,
NGC 7226,NGC7226,cluster,Open Cluster,22:10:26,+55:23:54,9.6,3.00,
NGC 7234,NGC7234,cluster,Open Cluster,22:12:25,+57:16:16,7.7,2.40,
NGC 7243,NGC7243,cluster,Open Cluster,22:15:08,+49:53:51,6.4,15.00,
NGC 7245,NGC7245,cluster,Open Cluster,22:15:11,+54:20:33,9.2,3.90,
IC 1442,IC1442,cluster,Open Cluster,22:16:01,+53:59:28,9.1,4.20,
NGC 7261,NGC7261,cluster,Open Cluster,22:20:06,+58:03:06,8.4,6.90,
IC 5217,IC5217,nebula,Planetary Nebula,22:23:55,+50:58:00,11.3,0.11,
NGC 7295,NGC7295,cluster,Open Cluster,22:28:02,+52:17:20,9.7,2.70,
NGC 7293,NGC7293,nebula,Planetary Nebula,22:29:38,-20:50:14,7.3,16.33,Helix Nebula
NGC 7314,NGC7314,galaxy,Galaxy,22:35:46,-26:03:01,11.2,4.21,
NGC 7331,NGC7331,galaxy,Galaxy,22:37:04,+34:24:55,9.4,9.27,
NGC 7332,NGC7332,galaxy,Galaxy,22:37:24,+23:47:54,11.1,2.95,
NGC 7380,NGC7380,nebula,Cluster + Nebula,22:47:21,+58:07:56,7.2,25.00,
NGC 7377,NGC7377,galaxy,Galaxy,22:47:47,-22:18:43,11.2,3.92,
NGC 7392,NGC7392,galaxy,Galaxy,22:51:48,-20:36:29,11.8,2.24,
IC 5271,IC5271,galaxy,Galaxy,22:58:01,-33:44:32,11.5,3.00,
NGC 7448,NGC7448,galaxy,Galaxy,23:00:03,+15:58:49,11.7,2.07,
NGC 7457,NGC7457,galaxy,Galaxy,23:00:59,+30:08:41,11.0,3.95,
NGC 7454,NGC7454,galaxy,Galaxy,23:01:06,+16:23:18,11.9,1.54,
NGC 7479,NGC7479,galaxy,Galaxy,23:04:56,+12:19:22,11.1,3.65,
IC 1470,IC1470,nebula,HII Region,23:05:10,+60:14:38,11.5,1.80,
NGC 7492,NGC7492,cluster,Globular Cluster,23:08:26,-15:36:41,10.5,3.00,
NGC 7510,NGC7510,cluster,Open Cluster,23:11:03,+60:34:15,7.9,3.90,
NGC 7507,NGC7507,galaxy,Galaxy,23:12:07,-28:32:22,10.0,3.33,
NGC 7513,NGC7513,galaxy,Galaxy,23:13:14,-28:21:27,11.8,3.19,
NGC 7541,NGC7541,galaxy,Galaxy,23:14:43,+04:32:03,11.8,3.03,
NGC 7562,NGC7562,galaxy,Galaxy,23:15:57,+06:41:15,11.6,2.18,
NGC 7585,NGC7585,galaxy,Galaxy,23:18:01,-04:39:01,11.5,2.55,
NGC 7600,NGC7600,galaxy,Galaxy,23:18:53,-07:34:49,11.9,2.09,
NGC 7606,NGC7606,galaxy,Galaxy,23:19:04,-08:29:06,11.0,5.26,
NGC 7619,NGC7619,galaxy,Galaxy,23:20:14,+08:12:22,11.1,2.53,
NGC 7626,NGC7626,galaxy,Galaxy,23:20:42,+08:13:01,11.1,2.50,
NGC 7635,NGC7635,nebula,HII Region,23:20:45,+61:12:44,11.0,15.00,Bubble Nebula
NGC 7640,NGC7640,galaxy,Galaxy,23:22:06,+40:50:43,11.0,8.09,
M 52,NGC7654,cluster,Open Cluster,23:24:48,+61:35:35,6.9,9.90,
NGC 7662,NGC7662,nebula,Planetary Nebula,23:25:53,+42:32:05,8.3,0.28,Copeland's Blue Snowball
NGC 7686,NGC7686,cluster,Open Cluster,23:30:07,+49:08:02,5.6,3.60,
NGC 7721,NGC7721,galaxy,Galaxy,23:38:48,-06:31:04,11.7,3.08,
NGC 7723,NGC7723,galaxy,Galaxy,23:38:57,-12:57:39,11.2,3.29,
NGC 7727,NGC7727,galaxy,Galaxy,23:39:53,-12:17:34,10.6,3.61,
NGC 7741,NGC7741,galaxy,Galaxy,23:43:54,+26:04:32,11.3,3.63,
NGC 7742,NGC7742,galaxy,Galaxy,23:44:15,+10:46:01,11.6,1.71,
NGC 7755,NGC7755,galaxy,Galaxy,23:47:51,-30:31:19,11.7,3.70,
NGC 7769,NGC7769,galaxy,Galaxy,23:51:03,+20:09:01,11.8,1.75,
NGC 7785,NGC7785,galaxy,Galaxy,23:55:19,+05:54:57,11.6,1.95,
NGC 7788,NGC7788,cluster,Open Cluster,23:56:45,+61:23:59,9.4,2.40,
NGC 7789,NGC7789,cluster,Open Cluster,23:57:24,+56:42:29,6.7,14.40,
NGC 7793,NGC7793,galaxy,Galaxy,23:57:49,-32:35:27,9.3,10.42,
NGC 7790,NGC7790,cluster,Open Cluster,23:58:24,+61:12:29,8.5,3.60,
